song_id,stanza,position,title,Text
1_Kolessa_Melodii_1969,1,1,"""Про озівських братів"" (""Про піхотинця"")","Ге̒й, у святу̒ неділе̒ньку"
1_Kolessa_Melodii_1969,1,2,,"То ра̒но-поране̒нько,"
1_Kolessa_Melodii_1969,1,3,,"Ге̒й, то не чо̒рні хма̒ри наступа̒ли,"
1_Kolessa_Melodii_1969,1,4,,"Не дробні дощі накра̒пали,"
1_Kolessa_Melodii_1969,1,5,,"Ге̒й, то не сиві тумани й устава̒ли, -"
1_Kolessa_Melodii_1969,1,6,,"Як три бра̒ти з туре̒цької,"
1_Kolessa_Melodii_1969,1,7,,"Бусурме̒нської, тяжко̒ї нево̒лі,"
1_Kolessa_Melodii_1969,1,8,,Із го̒рода Озо̒ва утіка̒ли.
1_Kolessa_Melodii_1969,1,9,,"О й то два бра̒ти кінних,"
1_Kolessa_Melodii_1969,1,10,,"А тре̒тій брат ме̒нчий, піхотинець,"
1_Kolessa_Melodii_1969,1,11,,"За кінними брата̒ми й уганя̒є,"
1_Kolessa_Melodii_1969,1,12,,"За̒ стремена̒ хвата̒є,"
1_Kolessa_Melodii_1969,1,13,,"До братів рече̒, слова̒ промовля̒є."
1_Kolessa_Melodii_1969,1,14,,"Ой то рече̒, слова̒ промовля̒є,"
1_Kolessa_Melodii_1969,1,15,,Брата̒ми назива̒є:
1_Kolessa_Melodii_1969,1,16,,"«Ой бра̒ти рідне̒нькі,"
1_Kolessa_Melodii_1969,1,17,,"Голу̒боньки сиве̒нькі,"
1_Kolessa_Melodii_1969,1,18,,"Та ста̒ньте ви, хоч ма̒ло підождіте!"
1_Kolessa_Melodii_1969,1,19,,"Гей, хоч ма̒ло підождіте,"
1_Kolessa_Melodii_1969,1,20,,Мене̒ міждо се̒бе
1_Kolessa_Melodii_1969,1,21,,"На ко̒ні возьміте,"
1_Kolessa_Melodii_1969,1,22,,А хоч ма̒ло верст підвезіте».
1_Kolessa_Melodii_1969,1,23,,"Ей, середу̒щий брат"
1_Kolessa_Melodii_1969,1,24,,"А ще до̒бре дба̒є,"
1_Kolessa_Melodii_1969,1,25,,"До ста̒ршого коня̒ поверта̒є,"
1_Kolessa_Melodii_1969,1,26,,Ласка̒ве сло̒во промовля̒є:
1_Kolessa_Melodii_1969,1,27,,"«Ой бра̒те рідне̒нький,"
1_Kolessa_Melodii_1969,1,28,,Голу̒бочку сиве̒нький!
1_Kolessa_Melodii_1969,1,29,,"Ой ста̒ньмо ми, хоч ма̒ло підождімо."
1_Kolessa_Melodii_1969,1,30,,"Ге̒й, хоч ма̒ло підождімо,"
1_Kolessa_Melodii_1969,1,31,,"Міждо се̒бе на ко̒ні возьмімо,"
1_Kolessa_Melodii_1969,1,32,,А хоч ма̒ло верст свого бра̒та підвезімо».
1_Kolessa_Melodii_1969,1,33,,"Ой то ста̒рший ху̒до дба̒є,"
1_Kolessa_Melodii_1969,1,34,,До середу̒щого коня̒ поверта̒є
1_Kolessa_Melodii_1969,1,35,,І ху̒до сло̒во промовля̒є:
1_Kolessa_Melodii_1969,1,36,,"«Чи ма̒єм ми ожида̒ти,"
1_Kolessa_Melodii_1969,1,37,,"То бу̒де за на̒ми туре̒цька, бусурме̒нська,"
1_Kolessa_Melodii_1969,1,38,,"А тяжка̒ нево̒ля вганя̒ти,"
1_Kolessa_Melodii_1969,1,39,,На̒ше тіло сікти та руба̒ти.
1_Kolessa_Melodii_1969,1,40,,"Ой то на̒ше тіло сікти та руба̒ти,"
1_Kolessa_Melodii_1969,1,41,,Або бу̒дуть у тя̒жку нево̒лю
1_Kolessa_Melodii_1969,1,42,,"Коне̒м заверта̒ти,"
1_Kolessa_Melodii_1969,1,43,,То лу̒чше нам бра̒та свого ме̒нчого
1_Kolessa_Melodii_1969,1,44,,Та повік у вічі не забача̒ти.
1_Kolessa_Melodii_1969,1,45,,"Ге̒й, то вже̒ нам бра̒та свого ме̒нчого"
1_Kolessa_Melodii_1969,1,46,,Повік у вічі не вба̒чати.
1_Kolessa_Melodii_1969,1,47,,Чи ма̒єм ми те хазя̒йство
1_Kolessa_Melodii_1969,1,48,,"На три ча̒сті розділя̒ти,—"
1_Kolessa_Melodii_1969,1,49,,"Бу̒дем на дво̒х розділя̒ти,"
1_Kolessa_Melodii_1969,1,50,,"Удво̒х паюва̒ти,"
1_Kolessa_Melodii_1969,1,51,,А ба̒тькові-ма̒тері непра̒вду виявля̒ти.
1_Kolessa_Melodii_1969,1,52,,"Ге̒й, то бу̒дем ба̒тькові й ма̒тері"
1_Kolessa_Melodii_1969,1,53,,"Непра̒вду виявля̒ти,"
1_Kolessa_Melodii_1969,1,54,,"Ге̒й, то бу̒дем ми каза̒ти:"
1_Kolessa_Melodii_1969,1,55,,"Хотя̒ ми вмісті пробува̒ли,"
1_Kolessa_Melodii_1969,1,56,,"Одному̒ царе̒ві присяга̒ли,"
1_Kolessa_Melodii_1969,1,57,,Ми ж свого ме̒нчого бра̒та
1_Kolessa_Melodii_1969,1,58,,А за де̒в’ять ро̒ків не забача̒ли».
1_Kolessa_Melodii_1969,1,59,,Ой то середу̒щий бра̒т
1_Kolessa_Melodii_1969,1,60,,"А ще до̒бре дба̒є,"
1_Kolessa_Melodii_1969,1,61,,"До ста̒ршого слова̒ми промовля̒є,"
1_Kolessa_Melodii_1969,1,62,,"Ласка̒ве сло̒во промовля̒є,"
1_Kolessa_Melodii_1969,1,63,,Сльоза̒ми пролива̒є:
1_Kolessa_Melodii_1969,1,64,,"«Ой бра̒те рідне̒нький,"
1_Kolessa_Melodii_1969,1,65,,Голу̒бочку сиве̒нький!
1_Kolessa_Melodii_1969,1,66,,Як то нам ба̒тькові непра̒вду виявля̒ти?!
1_Kolessa_Melodii_1969,1,67,,"Ой то дару̒ю тобі, бра̒те,"
1_Kolessa_Melodii_1969,1,68,,"І мою ча̒сть пожива̒ти,—"
1_Kolessa_Melodii_1969,1,69,,А я̒ не буду свого бра̒та найме̒нчого
1_Kolessa_Melodii_1969,1,70,,А в чужій чужи̒ні покида̒ти».
1_Kolessa_Melodii_1969,1,71,,"Ой то бігли вни де̒нь не два̒,"
1_Kolessa_Melodii_1969,1,72,,"Не три̒, не чотири;"
1_Kolessa_Melodii_1969,1,73,,Як ста̒ли до лісів добіга̒ти —
1_Kolessa_Melodii_1969,1,74,,"Ге̒й, то ста̒в середу̒щий бра̒т"
1_Kolessa_Melodii_1969,1,75,,"Слова̒ми промовля̒ти,"
1_Kolessa_Melodii_1969,1,76,,Сльоза̒ми пролива̒ти:
1_Kolessa_Melodii_1969,1,77,,"«Ой бра̒те рідне̒нький,"
1_Kolessa_Melodii_1969,1,78,,Голу̒боньку сиве̒нький!
1_Kolessa_Melodii_1969,1,79,,Тут лу̒ки вели̒кі
1_Kolessa_Melodii_1969,1,80,,"І тра̒ви зеле̒ні,"
1_Kolessa_Melodii_1969,1,81,,"Ста̒ньмо ми, ко̒ні попасімо!"
1_Kolessa_Melodii_1969,1,82,,"Ге̒й, то ста̒ньмо ми, ко̒ні попасімо!"
1_Kolessa_Melodii_1969,1,83,,"Свого ме̒нчого бра̒та,"
1_Kolessa_Melodii_1969,1,84,,Пішого піхоти̒нця підождімо!»
1_Kolessa_Melodii_1969,1,85,,"Ге̒й, то ста̒рший брат ху̒до дба̒є,"
1_Kolessa_Melodii_1969,1,86,,"До середу̒щого слова̒ми промовля̒є,"
1_Kolessa_Melodii_1969,1,87,,Та̒ із-за плеча̒ нагайкою кра̒є.
1_Kolessa_Melodii_1969,1,88,,"""Гей, чи ма̒єм ми єго̒ ожида̒ти,"
1_Kolessa_Melodii_1969,1,89,,"То бу̒дем ми вре̒мя теря̒ти,—"
1_Kolessa_Melodii_1969,1,90,,Лу̒чше бу̒дем поскорійше
1_Kolessa_Melodii_1969,1,91,,"А з сих гра̒дов й утіка̒ти""."
1_Kolessa_Melodii_1969,1,92,,"Ой то ме̒нчий брат, піший піхоти̒нець,"
1_Kolessa_Melodii_1969,1,93,,"За кінними брата̒ми вганя̒є,"
1_Kolessa_Melodii_1969,1,94,,"Ге̒й, на сиро̒є коріннє,"
1_Kolessa_Melodii_1969,1,95,,На біле каміннє
1_Kolessa_Melodii_1969,1,96,,"Та но̒ги пробива̒є,"
1_Kolessa_Melodii_1969,1,97,,"Кров сліди̒ залива̒є,"
1_Kolessa_Melodii_1969,1,98,,"Пісок ра̒ни засипа̒є,"
1_Kolessa_Melodii_1969,1,99,,А все̒ братів кінних доганя̒є.
1_Kolessa_Melodii_1969,1,100,,"Ге̒й, міждо кінних братів й убіга̒є,"
1_Kolessa_Melodii_1969,1,101,,"За̒ стремена̒ хвата̒є,"
1_Kolessa_Melodii_1969,1,102,,"До братів рече, слова̒ промовля̒є:"
1_Kolessa_Melodii_1969,1,103,,"«Ге̒й, брати̒ рідне̒нькі,"
1_Kolessa_Melodii_1969,1,104,,Голу̒боньки сиве̒нькі!
1_Kolessa_Melodii_1969,1,105,,"Чи ма̒єте мене̒ покида̒ти,—"
1_Kolessa_Melodii_1969,1,106,,"То лу̒чше мені з плеч го̒лову здійміте,"
1_Kolessa_Melodii_1969,1,107,,"Ге̒й, моє тіло христия̒нське"
1_Kolessa_Melodii_1969,1,108,,"В сиру зе̒млю похова̒йте,"
1_Kolessa_Melodii_1969,1,109,,І пти̒ці на пота̒лу не пода̒йте!»
1_Kolessa_Melodii_1969,1,110,,"Е̒й, став бра̒т става̒ти на Сама̒рці,"
1_Kolessa_Melodii_1969,1,111,,До бра̒та слова̒ми промовля̒є:
1_Kolessa_Melodii_1969,1,112,,"«Ой бра̒те рідне̒нький,"
1_Kolessa_Melodii_1969,1,113,,Голу̒боньку сиве̒нький!
1_Kolessa_Melodii_1969,1,114,,"То̒ ж моя̒ рука не здійметься,"
1_Kolessa_Melodii_1969,1,115,,І ме̒ч мій не осмілиться!
1_Kolessa_Melodii_1969,1,116,,Як то бра̒тові ме̒нчому
1_Kolessa_Melodii_1969,1,117,,"А з пліч го̒лову здійма̒ти,"
1_Kolessa_Melodii_1969,1,118,,А в сиру̒ землю тіло хова̒ти
1_Kolessa_Melodii_1969,1,119,,І пти̒ці на пота̒лу не да̒ти —
1_Kolessa_Melodii_1969,1,120,,То лу̒чше нам умісті всім трьо̒м поміра̒ти!»
1_Kolessa_Melodii_1969,1,121,,"Ге̒й, то середу̒щий брат усе до̒бре дба̒є,"
1_Kolessa_Melodii_1969,1,122,,"Верхове дре̒во лама̒є,"
1_Kolessa_Melodii_1969,1,123,,"А найме̒нчому бра̒ту,"
1_Kolessa_Melodii_1969,1,124,,"Пішому піхоти̒нцю,"
1_Kolessa_Melodii_1969,1,125,,На прикме̒ту покида̒є.
1_Kolessa_Melodii_1969,1,126,,"Ге̒й, як ста̒ли за ліси̒ вибіга̒ти,"
1_Kolessa_Melodii_1969,1,127,,Не ста̒ло верхово̒го дре̒ва лама̒ти;
1_Kolessa_Melodii_1969,1,128,,"Ге̒й, то з тернів віти стина̒є,"
1_Kolessa_Melodii_1969,1,129,,"А найме̒нчому бра̒ту,"
1_Kolessa_Melodii_1969,1,130,,"А пішому піхоти̒нцеві,"
1_Kolessa_Melodii_1969,1,131,,На прикме̒ту покида̒є.
1_Kolessa_Melodii_1969,1,132,,Як не ста̒ло де̒рева лама̒ти
1_Kolessa_Melodii_1969,1,133,,А ні тернів нахожда̒ти
1_Kolessa_Melodii_1969,1,134,,"То ста̒в на со̒бі білий капта̒н обрива̒ти,"
1_Kolessa_Melodii_1969,1,135,,"А найме̒нчому бра̒ту,"
1_Kolessa_Melodii_1969,1,136,,"Пішому піхоти̒нцеві,"
1_Kolessa_Melodii_1969,1,137,,На̒ прикме̒ту покида̒ти.
1_Kolessa_Melodii_1969,1,138,,"Ей, то китає̒ві штани̒ на собі ма̒є,"
1_Kolessa_Melodii_1969,1,139,,"Так то̒ обрива̒є,"
1_Kolessa_Melodii_1969,1,140,,А ме̒нчому бра̒ту
1_Kolessa_Melodii_1969,1,141,,"Пішому піхоти̒нцеві,"
1_Kolessa_Melodii_1969,1,142,,На прикме̒ту покида̒є.
1_Kolessa_Melodii_1969,1,143,,"Як ста̒ли до Саву̒р-моги̒ли добіга̒ти,"
1_Kolessa_Melodii_1969,1,144,,"На Саву̒р-моги̒лу ісхожда̒ти,"
1_Kolessa_Melodii_1969,1,145,,"Ге̒й, то ста̒в середу̒щий бра̒т"
1_Kolessa_Melodii_1969,1,146,,"Слова̒ми промовля̒ти,"
1_Kolessa_Melodii_1969,1,147,,Сльоза̒ми пролива̒ти:
1_Kolessa_Melodii_1969,1,148,,"«Е̒й, то ту̒т то степи̒ вели̒кі"
1_Kolessa_Melodii_1969,1,149,,І тра̒ви зеле̒ні —
1_Kolessa_Melodii_1969,1,150,,"Ста̒ньмо ми, коза̒цькі ко̒ні попасімо,"
1_Kolessa_Melodii_1969,1,151,,"Сами̒ отдихнімо,"
1_Kolessa_Melodii_1969,1,152,,А свого̒ ме̒нчого бра̒та
1_Kolessa_Melodii_1969,1,153,,На послідній доро̒зі підождімо!»
1_Kolessa_Melodii_1969,1,154,,О̒й то ста̒в ста̒рший бра̒т
1_Kolessa_Melodii_1969,1,155,,Слова̒ми промовля̒ти:
1_Kolessa_Melodii_1969,1,156,,"«Чи ма̒єм ми̒ ожида̒ти,"
1_Kolessa_Melodii_1969,1,157,,То бу̒дем уре̒мя теря̒ти;
1_Kolessa_Melodii_1969,1,158,,А бу̒дем до до̒му приїжджа̒ти—
1_Kolessa_Melodii_1969,1,159,,Ба̒тькові-ма̒тері бу̒дем непра̒вду виявля̒ти».
1_Kolessa_Melodii_1969,1,160,,"Ге̒й, то ме̒нчий брат, піший піхоти̒нець,"
1_Kolessa_Melodii_1969,1,161,,"За кінними брата̒ми вганя̒є,"
1_Kolessa_Melodii_1969,1,162,,"Як ста̒в на Саву̒р-моги̒лу добіга̒ти,"
1_Kolessa_Melodii_1969,1,163,,"На Саву̒р-моги̒лу ісходжа̒є,"
1_Kolessa_Melodii_1969,1,164,,На со̒нце погляда̒є:
1_Kolessa_Melodii_1969,1,165,,Ге̒й і со̒нце висо̒ко
1_Kolessa_Melodii_1969,1,166,,"І до̒м дале̒ко,"
1_Kolessa_Melodii_1969,1,167,,"Та вітер повіва̒є,—"
1_Kolessa_Melodii_1969,1,168,,"Мене, бідного козака̒,"
1_Kolessa_Melodii_1969,1,169,,А з білих ніг валя̒є.
1_Kolessa_Melodii_1969,1,170,,"Ге̒й, то ма̒буть в оста̒ннє отдиха̒ю,"
1_Kolessa_Melodii_1969,1,171,,"Та бу̒ду спочива̒ти,"
1_Kolessa_Melodii_1969,1,172,,"Бо вже пе̒рве безхліб’є,"
1_Kolessa_Melodii_1969,1,173,,"Друге̒ безвіддє,"
1_Kolessa_Melodii_1969,1,174,,А тре̒тє бездоро̒жжя.
1_Kolessa_Melodii_1969,1,175,,"То вже̒ дев’яті су̒тки,"
1_Kolessa_Melodii_1969,1,176,,"Як я хліб поїда̒в,"
1_Kolessa_Melodii_1969,1,177,,"Ге̒й, то дев’я̒ті су̒тки,"
1_Kolessa_Melodii_1969,1,178,,Як я во̒ду пива̒в;
1_Kolessa_Melodii_1969,1,179,,"Ой ма̒буть уже̒ не бу̒ду отдиха̒ти,"
1_Kolessa_Melodii_1969,1,180,,На̒ моги̒лі поміра̒ти...»
1_Kolessa_Melodii_1969,1,181,,"Ой як ста̒в спочива̒ти,"
1_Kolessa_Melodii_1969,1,182,,Та ста̒ли з чужо̒ї сторони̒
1_Kolessa_Melodii_1969,1,183,,"Орли̒ наліта̒ти,"
1_Kolessa_Melodii_1969,1,184,,"Е̒й, то на ку̒чері сіда̒ють,"
1_Kolessa_Melodii_1969,1,185,,А з-під ло̒ба очі виніма̒ють..
1_Kolessa_Melodii_1969,1,186,,"Ей, вовки̒-сірома̒нці набіга̒ють,"
1_Kolessa_Melodii_1969,1,187,,У вічі загляда̒ють...
1_Kolessa_Melodii_1969,1,188,,"Ей, то ста̒в слова̒ми промовля̒ти,"
1_Kolessa_Melodii_1969,1,189,,"Сльоза̒ми пролива̒ти,"
1_Kolessa_Melodii_1969,1,190,,Вовків-сірома̒нців брата̒ми назива̒ти:
1_Kolessa_Melodii_1969,1,191,,"«Ой, орли̒ сизокри̒лі,"
1_Kolessa_Melodii_1969,1,192,,Брати̒ рідне̒нькі —
1_Kolessa_Melodii_1969,1,193,,"Вовки̒-сірома̒нці, підождіте,"
1_Kolessa_Melodii_1969,1,194,,Поки̒ моя душа̒ з тілом розлучи̒ться!»
1_Kolessa_Melodii_1969,1,195,,"Як ста̒в господа милосе̒рдного умоля̒ти,"
1_Kolessa_Melodii_1969,1,196,,Та ста̒в молитви̒ сотворя̒ти:
1_Kolessa_Melodii_1969,1,197,,"«Ге̒й, та прийми̒ мою, го̒споди, ду̒шу!"
1_Kolessa_Melodii_1969,1,198,,"А вам, вовки̒-сірома̒нці,"
1_Kolessa_Melodii_1969,1,199,,Моє тіло пожира̒ти
1_Kolessa_Melodii_1969,1,200,,"І ко̒сті в куща̒х розноси̒ти,"
1_Kolessa_Melodii_1969,1,201,,В сиру зе̒млю загріба̒ти …
1_Kolessa_Melodii_1969,1,202,,"А ва̒м, орли̒ сизокри̒лі,"
1_Kolessa_Melodii_1969,1,203,,Моє̒ю кро̒в’ю запива̒ти...
1_Kolessa_Melodii_1969,1,204,,"Та не було̒ тут ні люди̒ни,"
1_Kolessa_Melodii_1969,1,205,,"Ні близько̒ї сусіди̒ни,"
1_Kolessa_Melodii_1969,1,206,,"Та ні бра̒та, ні сестри̒,"
1_Kolessa_Melodii_1969,1,207,,"Ні отця̒, ні не̒ньки,"
1_Kolessa_Melodii_1969,1,208,,"Ні вірної дружи̒ни,"
1_Kolessa_Melodii_1969,1,209,,"Щоб моє тіло прибра̒ти,"
1_Kolessa_Melodii_1969,1,210,,"А в сиру зе̒млю похова̒ти…"""
1_Kolessa_Melodii_1969,1,211,,"Гей, то тільки зозу̒ля си̒ва сіда̒ла,"
1_Kolessa_Melodii_1969,1,212,,"Та та̒ кува̒ла, общебета̒ла,"
1_Kolessa_Melodii_1969,1,213,,Отце̒ві й ма̒тері все̒го не наказа̒ла.
1_Kolessa_Melodii_1969,1,214,,"Ей, у са̒ду кува̒ла, щебета̒ла,"
1_Kolessa_Melodii_1969,1,215,,Ба̒тькові-ма̒тері про їх си̒на спогада̒ла.
1_Kolessa_Melodii_1969,1,216,,Як ста̒ли ста̒рші сини̒
1_Kolessa_Melodii_1969,1,217,,"Додо̒му приїжджа̒ти,"
1_Kolessa_Melodii_1969,1,218,,Як став ста̒рший си̒н
1_Kolessa_Melodii_1969,1,219,,"У до̒м ухожда̒ти,"
1_Kolessa_Melodii_1969,1,220,,Ба̒тькові-ма̒тері непра̒вду виявля̒ти:
1_Kolessa_Melodii_1969,1,221,,"«Хотя̒ й ми, оте̒ць та ма̒ти,"
1_Kolessa_Melodii_1969,1,222,,"Одному̒ царе̒ві присяга̒ли,"
1_Kolessa_Melodii_1969,1,223,,"Так не в одному місті пробува̒ли,"
1_Kolessa_Melodii_1969,1,224,,"А ме̒нчого бра̒та,"
1_Kolessa_Melodii_1969,1,225,,"Пішого піхоти̒нця,"
1_Kolessa_Melodii_1969,1,226,,А за де̒в’ять ро̒ків не забача̒ли».
1_Kolessa_Melodii_1969,1,227,,"Ге̒й, то середу̒щий си̒н"
1_Kolessa_Melodii_1969,1,228,,"У до̒м ухожда̒є,"
1_Kolessa_Melodii_1969,1,229,,"Ба̒тькові й ма̒тері пра̒вду виявля̒є,"
1_Kolessa_Melodii_1969,1,230,,Сльоза̒ми пролива̒є:
1_Kolessa_Melodii_1969,1,231,,"«Ге̒й, хотя̒ й ми, оте̒ць та моя ма̒ти,"
1_Kolessa_Melodii_1969,1,232,,"Одному̒ царе̒ві присяга̒ли,"
1_Kolessa_Melodii_1969,1,233,,То ми вмісті бува̒ли
1_Kolessa_Melodii_1969,1,234,,"А в плін попа̒ли,"
1_Kolessa_Melodii_1969,1,235,,"А з го̒рода, із Озо̒ва,"
1_Kolessa_Melodii_1969,1,236,,Із пліну й утіка̒ли.
1_Kolessa_Melodii_1969,1,237,,"Ой із го̒рода, з Озо̒ва,"
1_Kolessa_Melodii_1969,1,238,,"Із пліну втіка̒ли,"
1_Kolessa_Melodii_1969,1,239,,"Ми̒ ж свого бра̒та ме̒нчого,"
1_Kolessa_Melodii_1969,1,240,,"А пішого піхоти̒нця,"
1_Kolessa_Melodii_1969,1,241,,А по тій дорозі покида̒ли...»
1_Kolessa_Melodii_1969,1,242,,Став оте̒ць та ма̒ти
1_Kolessa_Melodii_1969,1,243,,"Слова̒ми промовля̒ти,"
1_Kolessa_Melodii_1969,1,244,,"Сльоза̒ми пролива̒ти,"
1_Kolessa_Melodii_1969,1,245,,Своїх синів кля̒сти-проклина̒ти:
1_Kolessa_Melodii_1969,1,246,,"«Ге̒й, то бода̒й то ви ща̒стя-до̒лі не ма̒ли,"
1_Kolessa_Melodii_1969,1,247,,Як ви̒ свого бра̒та
1_Kolessa_Melodii_1969,1,248,,"А ме̒нчого, ще й найме̒нчого,"
1_Kolessa_Melodii_1969,1,249,,А по тій доро̒зі покида̒ли!»
1_Kolessa_Melodii_1969,1,250,,Ста̒ли ста̒ршого си̒на
1_Kolessa_Melodii_1969,1,251,,"З подвір’я зсила̒ти,"
1_Kolessa_Melodii_1969,1,252,,А ме̒нчого си̒на помина̒ти.
1_Kolessa_Melodii_1969,1,253,,"Ге̒й, сотвори̒ то йому, го̒споди, вічну па̒м’ять,"
1_Kolessa_Melodii_1969,1,254,,А всім слу̒хающим го̒ловам
1_Kolessa_Melodii_1969,1,255,,На многая літа.
1_Kolessa_Melodii_1969,1,256,,"Ой, то ста̒в ста̒рший си̒н"
1_Kolessa_Melodii_1969,1,257,,"Слова̒ми промовля̒ти,"
1_Kolessa_Melodii_1969,1,258,,Сльоза̒ми пролива̒ти:
1_Kolessa_Melodii_1969,1,259,,"«Е̒й, то лу̒чше було, бра̒те найме̒нчий,"
1_Kolessa_Melodii_1969,1,260,,А з тобо̒ю вмісті поміра̒ти...»
2_Kolessa_Melodii_1969,1,1,«Про Марусю Богуславку»,"Ге̒й, що на Чо̒рному мо̒рі"
2_Kolessa_Melodii_1969,1,2,,"Та на тому білому ка̒мені,"
2_Kolessa_Melodii_1969,1,3,,Та̒м стоя̒ла темни̒ця кам’яна̒я.
2_Kolessa_Melodii_1969,1,4,,"Ге̒й, там стоя̒ла темни̒ця кам’яна̒я,"
2_Kolessa_Melodii_1969,1,5,,А в тій темни̒ці пробува̒ло
2_Kolessa_Melodii_1969,1,6,,"Сімсот бідних козаків,"
2_Kolessa_Melodii_1969,1,7,,"А в нево̒лі пробува̒ли,"
2_Kolessa_Melodii_1969,1,8,,Та божого світу
2_Kolessa_Melodii_1969,1,9,,І со̒нця пра̒ведного не забача̒ли.
2_Kolessa_Melodii_1969,1,10,,"Ге̒й, то дівка-бра̒нка"
2_Kolessa_Melodii_1969,1,11,,"Мару̒ся, попівна, Богусла̒вка,"
2_Kolessa_Melodii_1969,1,12,,"А все до̒бре дба̒є,"
2_Kolessa_Melodii_1969,1,13,,"До кам’яно̒ї темни̒ці прибува̒є,"
2_Kolessa_Melodii_1969,1,14,,"Гей, до козаків слова̒ми промовля̒є:"
2_Kolessa_Melodii_1969,1,15,,"«Козаки̒, ви бідні нево̒льники!"
2_Kolessa_Melodii_1969,1,16,,"Чи ви зна̒єте,"
2_Kolessa_Melodii_1969,1,17,,Що в на̒шій землі
2_Kolessa_Melodii_1969,1,18,,Та й день зате̒пера?»
2_Kolessa_Melodii_1969,1,19,,"Ге̒й, то козаки̒, бідні нево̒льники"
2_Kolessa_Melodii_1969,1,20,,"А все̒ зачува̒ли,"
2_Kolessa_Melodii_1969,1,21,,"Та й до дівки-бра̒нки,"
2_Kolessa_Melodii_1969,1,22,,"Мару̒сі, попівни, Богусла̒вки,"
2_Kolessa_Melodii_1969,1,23,,"Слова̒ми промовля̒ли,"
2_Kolessa_Melodii_1969,1,24,,"Сльоза̒ми пролива̒ли,"
2_Kolessa_Melodii_1969,1,25,,"Дівку-бра̒нку, Мару̒сю, попівну,"
2_Kolessa_Melodii_1969,1,26,,Богусла̒вку назива̒ли:
2_Kolessa_Melodii_1969,1,27,,"""Гей, ти дівко-бра̒нко,"
2_Kolessa_Melodii_1969,1,28,,"Мару̒сю, попівно, Богусла̒вко,"
2_Kolessa_Melodii_1969,1,29,,А все до̒бре дба̒єш.
2_Kolessa_Melodii_1969,1,30,,"Хотя̒ й ми тебе дівкою-бра̒нкою назива̒єм,"
2_Kolessa_Melodii_1969,1,31,,"Почому̒ ми зна̒єм,"
2_Kolessa_Melodii_1969,1,32,,Що в на̒шій землі христия̒нській
2_Kolessa_Melodii_1969,1,33,,"Ой день затепера?"""
2_Kolessa_Melodii_1969,1,34,,"«Ге̒й, козаки̒, ви бідні нево̒льники!"
2_Kolessa_Melodii_1969,1,35,,Ще й у на̒шій землі та тепе̒ра
2_Kolessa_Melodii_1969,1,36,,"Велико̒дня субо̒та,"
2_Kolessa_Melodii_1969,1,37,,"А за̒втра дасть бо̒г святи̒й день,"
2_Kolessa_Melodii_1969,1,38,,"Сорокови̒й день, ой вели̒кдень»."
2_Kolessa_Melodii_1969,1,39,,"Ге̒й, то козаки те̒є зачува̒ли,"
2_Kolessa_Melodii_1969,1,40,,"До дівки-бра̒нки,"
2_Kolessa_Melodii_1969,1,41,,"Мару̒сі, попівни, Богусла̒вки"
2_Kolessa_Melodii_1969,1,42,,"Слова̒ми промовля̒ли,"
2_Kolessa_Melodii_1969,1,43,,"Сльоза̒ми пролива̒ли,"
2_Kolessa_Melodii_1969,1,44,,"Ге̒й, та дівку-бра̒нку,"
2_Kolessa_Melodii_1969,1,45,,"Мару̒сю, попівну, Богусла̒вку"
2_Kolessa_Melodii_1969,1,46,,Кляли̒-проклина̒ли:
2_Kolessa_Melodii_1969,1,47,,"«Бода̒й ти, дівко-бра̒нко,"
2_Kolessa_Melodii_1969,1,48,,"Мару̒сю, попівно, Богусла̒вко,"
2_Kolessa_Melodii_1969,1,49,,"Ща̒стя-до̒лі не ма̒ла,"
2_Kolessa_Melodii_1969,1,50,,Як ти̒ нам святи̒й вели̒кдень ісказа̒ла!»
2_Kolessa_Melodii_1969,1,51,,«Як ми̒ вже в нево̒лі пробува̒ли
2_Kolessa_Melodii_1969,1,52,,"А ще в те̒мній темни̒ці прожива̒ли,"
2_Kolessa_Melodii_1969,1,53,,Аж за три̒йцять три̒ го̒д
2_Kolessa_Melodii_1969,1,54,,Світа бо̒жого не забача̒ли...»
2_Kolessa_Melodii_1969,1,55,,"То дівка-бра̒нка,"
2_Kolessa_Melodii_1969,1,56,,"Мару̒ся, попівна, Богусла̒вка"
2_Kolessa_Melodii_1969,1,57,,"А ще до̒бре дба̒ла,"
2_Kolessa_Melodii_1969,1,58,,Козака̒м сказа̒ла:
2_Kolessa_Melodii_1969,1,59,,"«Е̒й, козаки̒, ви бідні нево̒льники!"
2_Kolessa_Melodii_1969,1,60,,"Не ла̒йте мене̒,"
2_Kolessa_Melodii_1969,1,61,,Не заклина̒йте мене̒!
2_Kolessa_Melodii_1969,1,62,,"Ге̒й, як діждемо свято̒го вели̒кодня,"
2_Kolessa_Melodii_1969,1,63,,То бу̒де наш па̒н туре̒цький
2_Kolessa_Melodii_1969,1,64,,"До мече̒ті од’їжджа̒ти,"
2_Kolessa_Melodii_1969,1,65,,"То бу̒де мені, дівці-бра̒нці,"
2_Kolessa_Melodii_1969,1,66,,"Мару̒сі, попівні, Богусла̒вці,"
2_Kolessa_Melodii_1969,1,67,,"Ключі на ру̒ки віддава̒ти,—"
2_Kolessa_Melodii_1969,1,68,,"Бу̒ду на ру̒ки прийма̒ти,"
2_Kolessa_Melodii_1969,1,69,,До кам’яної темни̒ці прибува̒ти.
2_Kolessa_Melodii_1969,1,70,,«Ой то бу̒ду до кам’яно̒ї темни̒ці
2_Kolessa_Melodii_1969,1,71,,"Прибува̒ти, отвира̒ти,"
2_Kolessa_Melodii_1969,1,72,,"Вас, бідних нево̒льників,"
2_Kolessa_Melodii_1969,1,73,,А з кам’яно̒ї темни̒ці випуска̒ти.
2_Kolessa_Melodii_1969,1,74,,"Ге̒й, ви козаки̒, ви бідні нево̒льники!"
2_Kolessa_Melodii_1969,1,75,,"А ще до̒бре дба̒йте,"
2_Kolessa_Melodii_1969,1,76,,"В города̒ христия̒нськії утіка̒йте,"
2_Kolessa_Melodii_1969,1,77,,Тільки го̒рода Богусла̒ва не мина̒йте!
2_Kolessa_Melodii_1969,1,78,,"І го̒рода Богусла̒ва не мина̒йте,"
2_Kolessa_Melodii_1969,1,79,,"До ба̒тька до мого й ма̒тері прибува̒йте,"
2_Kolessa_Melodii_1969,1,80,,І ба̒тьку моєму та ма̒тері
2_Kolessa_Melodii_1969,1,81,,То зна̒ть дава̒йте:
2_Kolessa_Melodii_1969,1,82,,Нехай бу̒де ба̒тько і ма̒ти
2_Kolessa_Melodii_1969,1,83,,"То ще до̒бре дба̒ти,"
2_Kolessa_Melodii_1969,1,84,,"То ста̒тків-маєтків не збува̒ють,"
2_Kolessa_Melodii_1969,1,85,,"Вели̒ких ска̒рбів не збіра̒ють,"
2_Kolessa_Melodii_1969,1,86,,Моє̒ї голо̒ви
2_Kolessa_Melodii_1969,1,87,,А з тя̒жкої нево̒лі не визволя̒ють.
2_Kolessa_Melodii_1969,1,88,,"Бо вже̒ я потурчи̒лась,"
2_Kolessa_Melodii_1969,1,89,,Побусурмени̒лась
2_Kolessa_Melodii_1969,1,90,,"Для ро̒скоші туре̒цької,"
2_Kolessa_Melodii_1969,1,91,,"Для ла̒комства неща̒сного""."
2_Kolessa_Melodii_1969,1,92,,"То ви̒зволь нас, го̒споди,"
2_Kolessa_Melodii_1969,1,93,,"Із тя̒жкої нево̒лі,"
2_Kolessa_Melodii_1969,1,94,,"Гей, на тихі води,"
2_Kolessa_Melodii_1969,1,95,,"На ясні зорі,"
2_Kolessa_Melodii_1969,1,96,,"На край веселий,"
2_Kolessa_Melodii_1969,1,97,,Міждо мир хрещеиий!
2_Kolessa_Melodii_1969,1,98,,"Даруй боже, милості вашій"
2_Kolessa_Melodii_1969,1,99,,І всім військам запорозьким.
2_Kolessa_Melodii_1969,1,100,,"І всім слухающим головам,"
2_Kolessa_Melodii_1969,1,101,,І всьому товариству і кревному і сердешному
2_Kolessa_Melodii_1969,1,102,,"Пошли, боже, на многая літа"
2_Kolessa_Melodii_1969,1,103,,І до конця віка!
3_Kolessa_Melodii_1969,1,1,«Плач невольників»,"Ге̒й, що на Чо̒рному мо̒рі"
3_Kolessa_Melodii_1969,1,2,,"Та на тому білому ка̒мені,"
3_Kolessa_Melodii_1969,1,3,,"А в потре̒бі ца̒рській,"
3_Kolessa_Melodii_1969,1,4,,"В грома̒ді коза̒цькій,"
3_Kolessa_Melodii_1969,1,5,,Та̒м бага̒то війська понаже̒но.
3_Kolessa_Melodii_1969,1,6,,"Та̒м багато війська пона̒жено,"
3_Kolessa_Melodii_1969,1,7,,"По три, по два̒ уку̒пу поско̒вано,"
3_Kolessa_Melodii_1969,1,8,,"По два̒ канда̒ли на ру̒ки, на но̒ги покла̒джено,"
3_Kolessa_Melodii_1969,1,9,,А сиро̒ю сири̒цею
3_Kolessa_Melodii_1969,1,10,,Назад ру̒ки пов’яза̒ли.
3_Kolessa_Melodii_1969,1,11,,Як ста̒ли бідні нево̒льники
3_Kolessa_Melodii_1969,1,12,,Ой на коліна й упада̒ти
3_Kolessa_Melodii_1969,1,13,,"Та ру̒ки вго̒ру підійма̒ти,"
3_Kolessa_Melodii_1969,1,14,,"Кайдана̒ми забряжча̒ли,"
3_Kolessa_Melodii_1969,1,15,,"А го̒спода милосе̒рдного проха̒ли, блага̒ли:"
3_Kolessa_Melodii_1969,1,16,,"«Пода̒й то нам, го̒споди,"
3_Kolessa_Melodii_1969,1,17,,"А з не̒ба дро̒бен до̒щик,"
3_Kolessa_Melodii_1969,1,18,,А з Ни̒зу буйний вітер!
3_Kolessa_Melodii_1969,1,19,,"Ге̒й, чи не ста̒ла б то"
3_Kolessa_Melodii_1969,1,20,,На Чо̒рному мо̒рі
3_Kolessa_Melodii_1969,1,21,,"А би̒страя хви̒ля,"
3_Kolessa_Melodii_1969,1,22,,Чи̒ не повирива̒ла б то якорів
3_Kolessa_Melodii_1969,1,23,,"З туре̒цької, бусурме̒нської,"
3_Kolessa_Melodii_1969,1,24,,А з тя̒жкої нево̒лі».
3_Kolessa_Melodii_1969,1,25,,"Ге̒й, то па̒ша туре̒цький, бусурме̒нський,"
3_Kolessa_Melodii_1969,1,26,,"Са̒м по чердаку̒ прохожда̒є,"
3_Kolessa_Melodii_1969,1,27,,"На слу̒г своїх, ту̒рків-янича̒рів,"
3_Kolessa_Melodii_1969,1,28,,"Ге̒й, і зо̒ зла гука̒є:"
3_Kolessa_Melodii_1969,1,29,,"«Ой кажу̒ я вам, ту̒рки-янича̒ри,"
3_Kolessa_Melodii_1969,1,30,,"Ви все̒ до̒бре то дба̒йте,"
3_Kolessa_Melodii_1969,1,31,,"По три̒ пучки терно̒вих,"
3_Kolessa_Melodii_1969,1,32,,"Червоної та̒волги набірайте,"
3_Kolessa_Melodii_1969,1,33,,"А в ру̒ку забіра̒йте,"
3_Kolessa_Melodii_1969,1,34,,"Од ря̒ду до ря̒ду захожда̒йте,"
3_Kolessa_Melodii_1969,1,35,,По три̒чі бідних нево̒льників
3_Kolessa_Melodii_1969,1,36,,А в одно̒ місто затина̒йте!»
3_Kolessa_Melodii_1969,1,37,,"Гей, то ту̒рки-янича̒ри"
3_Kolessa_Melodii_1969,1,38,,"Усе до̒бре то дба̒ли,"
3_Kolessa_Melodii_1969,1,39,,"Гей, усе̒ зачува̒ли:"
3_Kolessa_Melodii_1969,1,40,,По три̒ пучки терни̒ни
3_Kolessa_Melodii_1969,1,41,,Та черво̒ної та̒волги
3_Kolessa_Melodii_1969,1,42,,"У ру̒ку набіра̒ли,"
3_Kolessa_Melodii_1969,1,43,,"А з ря̒ду до ря̒ду захожда̒ли,"
3_Kolessa_Melodii_1969,1,44,,По три̒чі бідних нево̒льників
3_Kolessa_Melodii_1969,1,45,,"А в одно̒ місто затина̒ли,"
3_Kolessa_Melodii_1969,1,46,,А кро̒в безневи̒нно пролива̒ли.
3_Kolessa_Melodii_1969,1,47,,Як ста̒ли бідні нево̒льники
3_Kolessa_Melodii_1969,1,48,,"На собі кро̒в христия̒нську забача̒ти,"
3_Kolessa_Melodii_1969,1,49,,"То ста̒ли про віру христия̒нську каза̒ти,"
3_Kolessa_Melodii_1969,1,50,,"А зе̒млю туре̒цьку,"
3_Kolessa_Melodii_1969,1,51,,"Віру бусурме̒нську,"
3_Kolessa_Melodii_1969,1,52,,Кля̒сти-проклина̒ти.
3_Kolessa_Melodii_1969,1,53,,"«Ей, ти зе̒мле туре̒цька,"
3_Kolessa_Melodii_1969,1,54,,Ти віро бусурме̒нська!
3_Kolessa_Melodii_1969,1,55,,Ти єсть усім напо̒внена:
3_Kolessa_Melodii_1969,1,56,,"І сре̒бром, і зла̒том,"
3_Kolessa_Melodii_1969,1,57,,"І дороги̒ми напи̒тками,—"
3_Kolessa_Melodii_1969,1,58,,Тільки бідним тобі нево̒льникам
3_Kolessa_Melodii_1969,1,59,,На світі...
3_Kolessa_Melodii_1969,1,60,,"Ге̒й, то тільки бідні нево̒льники"
3_Kolessa_Melodii_1969,1,61,,"В тобі пробува̒ють,"
3_Kolessa_Melodii_1969,1,62,,Що пра̒зника різдва̒
3_Kolessa_Melodii_1969,1,63,,І того̒ святого вели̒кодня то й не зна̒ють.
3_Kolessa_Melodii_1969,1,64,,"А все̒ в нево̒лі,"
3_Kolessa_Melodii_1969,1,65,,"А все̒ в туре̒цькій,"
3_Kolessa_Melodii_1969,1,66,,"Усе̒ в бусурме̒нській,"
3_Kolessa_Melodii_1969,1,67,,"Ой то все̒ пробува̒ють,"
3_Kolessa_Melodii_1969,1,68,,"А зе̒млю туре̒цьку,"
3_Kolessa_Melodii_1969,1,69,,"Віру бусурме̒нську,"
3_Kolessa_Melodii_1969,1,70,,Клену̒ть-проклина̒ють:
3_Kolessa_Melodii_1969,1,71,,"«Ой ти зе̒мле туре̒цька,"
3_Kolessa_Melodii_1969,1,72,,"Ти віро бусурме̒нська,"
3_Kolessa_Melodii_1969,1,73,,Ти розлу̒ко христия̒нська!
3_Kolessa_Melodii_1969,1,74,,Бо вже̒ ти на̒с не одно̒го розлучи̒ла:
3_Kolessa_Melodii_1969,1,75,,"А му̒жа з жоно̒ю,"
3_Kolessa_Melodii_1969,1,76,,"Бра̒та з сестро̒ю,"
3_Kolessa_Melodii_1969,1,77,,Мали̒х дітей з отце̒м і з ненько̒ю.
3_Kolessa_Melodii_1969,1,78,,"Ой то ви̒зволь нас, го̒споди,"
3_Kolessa_Melodii_1969,1,79,,"Та ви̒зволь, го̒споди,"
3_Kolessa_Melodii_1969,1,80,,Із тя̒жкої нево̒лі
3_Kolessa_Melodii_1969,1,81,,"На ти̒хі во̒ди,"
3_Kolessa_Melodii_1969,1,82,,"На я̒сні зо̒рі,"
3_Kolessa_Melodii_1969,1,83,,"На кра̒й весе̒лий,"
3_Kolessa_Melodii_1969,1,84,,Міждо ми̒р хреще̒ний!»
3_Kolessa_Melodii_1969,1,85,,"Даруй, бо̒же, ми̒лости ва̒шій,"
3_Kolessa_Melodii_1969,1,86,,"І всім мостям на̒шим запоро̒зьким,"
3_Kolessa_Melodii_1969,1,87,,"І всім слу̒хающим го̒ловам,"
3_Kolessa_Melodii_1969,1,88,,"Пошли̒, їм, бо̒же,"
3_Kolessa_Melodii_1969,1,89,,На многая літа!
3_Kolessa_Melodii_1969,1,90,,"На мно̒гая літа,"
3_Kolessa_Melodii_1969,1,91,,Аж до кінця віка.
4_Kolessa_Melodii_1969,1,1,«Плач невольника»,"Ге̒й, то не со̒кіл ясний кви̒лить-проквиля̒є,"
4_Kolessa_Melodii_1969,1,2,,"Як си̒н до ба̒тька, до ма̒тері"
4_Kolessa_Melodii_1969,1,3,,З сво̒ї тя̒жкої нево̒лі
4_Kolessa_Melodii_1969,1,4,,В города̒ христия̒нськії
4_Kolessa_Melodii_1969,1,5,,По̒клон посила̒є.
4_Kolessa_Melodii_1969,1,6,,"Гей, со̒кола я̒сного рідним бра̒том назива̒є:"
4_Kolessa_Melodii_1969,1,7,,"«Ге̒й, ти со̒коле я̒сний,"
4_Kolessa_Melodii_1969,1,8,,Ти брате мій рідний!
4_Kolessa_Melodii_1969,1,9,,"Ти висо̒ко літа̒єш,"
4_Kolessa_Melodii_1969,1,10,,"Ти дале̒ко вида̒єш,"
4_Kolessa_Melodii_1969,1,11,,Ой чо̒м же ти в ба̒тька або у ма̒тері
4_Kolessa_Melodii_1969,1,12,,А ніко̒ли в го̒стях не побува̒єш?
4_Kolessa_Melodii_1969,1,13,,"Ой полини̒, со̒коле я̒сний,"
4_Kolessa_Melodii_1969,1,14,,"Ти бра̒те мій рідний,"
4_Kolessa_Melodii_1969,1,15,,"Ге̒й, у города̒ христия̒нськії!"
4_Kolessa_Melodii_1969,1,16,,"А й ся̒дь, упади̒,"
4_Kolessa_Melodii_1969,1,17,,Та в ба̒тька та в ма̒тері
4_Kolessa_Melodii_1969,1,18,,"Пере̒д ворітьми̒,"
4_Kolessa_Melodii_1969,1,19,,"Ге̒й, жалібне̒нько проквили̒,"
4_Kolessa_Melodii_1969,1,20,,О моїй приго̒ді коза̒цькій припом’я̒ни!
4_Kolessa_Melodii_1969,1,21,,Нехай бу̒де ба̒тько і ма̒ти
4_Kolessa_Melodii_1969,1,22,,Мо̒ю приго̒ду коза̒цьку
4_Kolessa_Melodii_1969,1,23,,"А ще до̒бре зна̒ти,"
4_Kolessa_Melodii_1969,1,24,,"Та ста̒тки-має̒тки збува̒ти,"
4_Kolessa_Melodii_1969,1,25,,"Вели̒кі скарби̒ збіра̒ти,"
4_Kolessa_Melodii_1969,1,26,,Мо̒ю голо̒вку коза̒цьку
4_Kolessa_Melodii_1969,1,27,,А з тя̒жкої нево̒лі визволя̒ти».
5_Kolessa_Melodii_1969,1,1,«Про самарських братів»,"Ге̒й, усі поля сама̒рські почорніли"
5_Kolessa_Melodii_1969,1,2,,Та я̒сними пожара̒ми погоріли:
5_Kolessa_Melodii_1969,1,3,,Тільки не згоріли
5_Kolessa_Melodii_1969,1,4,,"У річці Сама̒рці,"
5_Kolessa_Melodii_1969,1,5,,В кирни̒ці Салта̒нці
5_Kolessa_Melodii_1969,1,6,,"Три̒ терни̒ дрібне̒нькі,"
5_Kolessa_Melodii_1969,1,7,,Три̒ байра̒ки зелене̒нькі.
5_Kolessa_Melodii_1969,1,8,,"Ото тільки не згоріли три бра̒ти рідне̒нькі,"
5_Kolessa_Melodii_1969,1,9,,"...голу̒боньки сиве̒нькі,"
5_Kolessa_Melodii_1969,1,10,,"Постріляні та пору̒бані, почива̒ють."
5_Kolessa_Melodii_1969,1,11,,"Ой то ти̒м вони спочивають,"
5_Kolessa_Melodii_1969,1,12,,Що на ра̒ни постріляні та й пору̒бані
5_Kolessa_Melodii_1969,1,13,,Ду̒же знемага̒ють.
5_Kolessa_Melodii_1969,1,14,,"Ге̒й, як обізве̒ться старший бра̒т"
5_Kolessa_Melodii_1969,1,15,,"До середу̒щого слова̒ми,"
5_Kolessa_Melodii_1969,1,16,,Обіллється дрібни̒ми сльоза̒ми:
5_Kolessa_Melodii_1969,1,17,,«Ой бра̒те мій середу̒щий!
5_Kolessa_Melodii_1969,1,18,,"Та до̒бре ти, бра̒те, учини̒,"
5_Kolessa_Melodii_1969,1,19,,Хоч з річки Сама̒рки
5_Kolessa_Melodii_1969,1,20,,Або з кирни̒ці Салта̒нки
5_Kolessa_Melodii_1969,1,21,,"Холодної води̒ знайди̒,"
5_Kolessa_Melodii_1969,1,22,,Ра̒ни мої постріляні та пору̒бані
5_Kolessa_Melodii_1969,1,23,,"Окропи̒, охоло̒ди!"""
5_Kolessa_Melodii_1969,1,24,,"""Ге̒й, ти бра̒те мій рідне̒нький,"
5_Kolessa_Melodii_1969,1,25,,Голу̒бочку сиве̒нький!
5_Kolessa_Melodii_1969,1,26,,"Чи ти̒ мені, бра̒те, віри не дійма̒єш,"
5_Kolessa_Melodii_1969,1,27,,"Чи ти̒ мене, бра̒те, на сміх підійма̒єш?"
5_Kolessa_Melodii_1969,1,28,,Чи не одна̒ нас ша̒бля поруба̒ла
5_Kolessa_Melodii_1969,1,29,,Чи не одна̒ нас ку̒ля постріля̒ла?
5_Kolessa_Melodii_1969,1,30,,Що ма̒ю я на собі
5_Kolessa_Melodii_1969,1,31,,"Де̒в’ять ран ру̒баних, широ̒ких,"
5_Kolessa_Melodii_1969,1,32,,А чоти̒ри стріляні то й глибо̒кі...»
5_Kolessa_Melodii_1969,1,33,,"«Ой то до̒бре ми, бра̒те, учинімо,"
5_Kolessa_Melodii_1969,1,34,,"Хоч сво̒го найме̒нчого бра̒та попросімо,"
5_Kolessa_Melodii_1969,1,35,,Нехай наш ме̒нчий бра̒т
5_Kolessa_Melodii_1969,1,36,,"А ще до̒бре дба̒є,"
5_Kolessa_Melodii_1969,1,37,,"Хо̒ч на колінка й уста̒ває,"
5_Kolessa_Melodii_1969,1,38,,В військову̒ суре̒мку
5_Kolessa_Melodii_1969,1,39,,"До̒бре гра̒є, програва̒є."
5_Kolessa_Melodii_1969,1,40,,"Неха̒й же нас бу̒дуть стра̒нні коза̒ки зачува̒ти,"
5_Kolessa_Melodii_1969,1,41,,"Ге̒й, то бу̒дуть до на̒с приїжджа̒ти,"
5_Kolessa_Melodii_1969,1,42,,"Будуть на̒шої сме̒рти догляда̒ти,"
5_Kolessa_Melodii_1969,1,43,,"І тіло на̒ше коза̒цьке, молоде̒цьке"
5_Kolessa_Melodii_1969,1,44,,"А в чи̒стому по̒лі похова̒ти""."
5_Kolessa_Melodii_1969,1,45,,"Гей, то ме̒нчий брат те̒є зачува̒є,"
5_Kolessa_Melodii_1969,1,46,,До ста̒рших братів слова̒ми промовля̒є:
5_Kolessa_Melodii_1969,1,47,,"«Ой брати̒ рідне̒нькі,"
5_Kolessa_Melodii_1969,1,48,,Голу̒бочки сиве̒нькі!
5_Kolessa_Melodii_1969,1,49,,"Не є̒сть то нас ку̒ля янича̒рська постріля̒ла,"
5_Kolessa_Melodii_1969,1,50,,А єсть то нас та̒ й отце̒ва моли̒тва покара̒ла.
5_Kolessa_Melodii_1969,1,51,,"Ге̒й, бо як ми в охо̒тне військо"
5_Kolessa_Melodii_1969,1,52,,"Од отця̒ од матері і од’їжджа̒ли,"
5_Kolessa_Melodii_1969,1,53,,То ми̒ з отце̒м і з ма̒тір’ю і з ро̒дом
5_Kolessa_Melodii_1969,1,54,,Опроще̒нія та й не бра̒ли.
5_Kolessa_Melodii_1969,1,55,,"Ой як напротів це̒ркви, дому бо̒жого, проїжджа̒ли,"
5_Kolessa_Melodii_1969,1,56,,То ми̒ з се̒бе ша̒пок із го̒лов не здійма̒ли
5_Kolessa_Melodii_1969,1,57,,І го̒спода милосе̒рдного
5_Kolessa_Melodii_1969,1,58,,Собі на по̒міч не проха̒ли.
5_Kolessa_Melodii_1969,1,59,,"Хотя̒ й я, бра̒ття, бу̒ду у су̒рму туре̒цьку"
5_Kolessa_Melodii_1969,1,60,,"Жалібне̒нько гра̒ти,"
5_Kolessa_Melodii_1969,1,61,,То тільки нас бу̒дуть
5_Kolessa_Melodii_1969,1,62,,"Ту̒рки-янича̒ри,"
5_Kolessa_Melodii_1969,1,63,,"Безбо̒жні бусурма̒ни,"
5_Kolessa_Melodii_1969,1,64,,"Наші ігри коза̒цькі зачува̒ти,"
5_Kolessa_Melodii_1969,1,65,,"То бу̒дуть до на̒с приїжджа̒ти,"
5_Kolessa_Melodii_1969,1,66,,Бу̒дуть на̒ше тіло
5_Kolessa_Melodii_1969,1,67,,"Сікти та руба̒ти,"
5_Kolessa_Melodii_1969,1,68,,Або бу̒дуть у тя̒жку нево̒лю заверта̒ти.
5_Kolessa_Melodii_1969,1,69,,"Ой, уже̒ ми будем, брати̒ рідне̒нькі."
5_Kolessa_Melodii_1969,1,70,,"Голу̒боньки сиве̒нькі,"
5_Kolessa_Melodii_1969,1,71,,"Отту̒т поміра̒ти,"
5_Kolessa_Melodii_1969,1,72,,"Уже̒ нам отця̒, паньма̒тки й роди̒ни серде̒шної"
5_Kolessa_Melodii_1969,1,73,,Повік у вічі не забача̒ти...»
5_Kolessa_Melodii_1969,1,74,,"Гей, як ста̒ла то на не̒бі"
5_Kolessa_Melodii_1969,1,75,,"Чо̒рна хма̒ра наступа̒ти,"
5_Kolessa_Melodii_1969,1,76,,То ста̒ли бідні козаки̒
5_Kolessa_Melodii_1969,1,77,,А в чи̒стому по̒лі поміра̒ти...
5_Kolessa_Melodii_1969,1,78,,"Ге̒й, свої го̒лови коза̒цькі, молоде̒цькі,"
5_Kolessa_Melodii_1969,1,79,,А в чи̒стому по̒лі коло річки Сама̒рки поклада̒ти.
5_Kolessa_Melodii_1969,1,80,,"Сотвори їм, господи, та вічную пам’ять,"
5_Kolessa_Melodii_1969,1,81,,"А всім слухающим головам,"
5_Kolessa_Melodii_1969,1,82,,"І всьому товариству кревному, сердешному"
5_Kolessa_Melodii_1969,1,83,,І військам запорізьким
5_Kolessa_Melodii_1969,1,84,,"Пошли, боже, на многая літа"
5_Kolessa_Melodii_1969,1,85,,До конца віка.
6_Kolessa_Melodii_1969,1,1,«Про удову»,Ой у святу неділеньку
6_Kolessa_Melodii_1969,1,2,,То рано-пораненько
6_Kolessa_Melodii_1969,1,3,,"То не сива зозуля кувала,"
6_Kolessa_Melodii_1969,1,4,,"Не дробна птиця щебетала,"
6_Kolessa_Melodii_1969,1,5,,"А не в борі сосна зашуміла,"
6_Kolessa_Melodii_1969,1,6,,Як та бідна вдова
6_Kolessa_Melodii_1969,1,7,,А в своєму домові гомоніла.
6_Kolessa_Melodii_1969,1,8,,Ой та ручками-пучками
6_Kolessa_Melodii_1969,1,9,,"А хліб-сіль роздробляла,"
6_Kolessa_Melodii_1969,1,10,,"Та все синів годувала,"
6_Kolessa_Melodii_1969,1,11,,"А й у найми не пускала,"
6_Kolessa_Melodii_1969,1,12,,Чужим людям на поталу не подавала.
6_Kolessa_Melodii_1969,1,13,,Ой чужим людям на поталу не давала
6_Kolessa_Melodii_1969,1,14,,"Та все всевишнього господа, творця, прохала:"
6_Kolessa_Melodii_1969,1,15,,"«Ой, поможи ж ти мені, господи,"
6_Kolessa_Melodii_1969,1,16,,"Синів погодувати,"
6_Kolessa_Melodii_1969,1,17,,До разума подоводити
6_Kolessa_Melodii_1969,1,18,,"І дома їм построїти,"
6_Kolessa_Melodii_1969,1,19,,І їх подружити».
6_Kolessa_Melodii_1969,1,20,,Ой то бідна вдова
6_Kolessa_Melodii_1969,1,21,,А скоро їх возростила
6_Kolessa_Melodii_1969,1,22,,І грамоти повчила
6_Kolessa_Melodii_1969,1,23,,"До разума подоводила,"
6_Kolessa_Melodii_1969,1,24,,Дома їм построїла
6_Kolessa_Melodii_1969,1,25,,І їх подружила.
6_Kolessa_Melodii_1969,1,26,,"Як стали сини жити-проживати,"
6_Kolessa_Melodii_1969,1,27,,"То стали в себе разні маєтки то мати,"
6_Kolessa_Melodii_1969,1,28,,Та стали молодих княгинь
6_Kolessa_Melodii_1969,1,29,,"За себе заручати,"
6_Kolessa_Melodii_1969,1,30,,То стали бідну вдову
6_Kolessa_Melodii_1969,1,31,,А з свого подвір’я ізсилати:
6_Kolessa_Melodii_1969,1,32,,"«Ой то іди ж ти, мати, куда-небудь"
6_Kolessa_Melodii_1969,1,33,,Собі проживати!
6_Kolessa_Melodii_1969,1,34,,Бо будуть до нас
6_Kolessa_Melodii_1969,1,35,,"Гості-панове наїжджати,"
6_Kolessa_Melodii_1969,1,36,,"Та будуть пити-гуляти,"
6_Kolessa_Melodii_1969,1,37,,А тут тобі спокою то й не буде.
6_Kolessa_Melodii_1969,1,38,,Бо будуть у нас
6_Kolessa_Melodii_1969,1,39,,"У синіх каптанах,"
6_Kolessa_Melodii_1969,1,40,,"В китаєвих штанах, -"
6_Kolessa_Melodii_1969,1,41,,А ти будеш у сірій сімряжині
6_Kolessa_Melodii_1969,1,42,,Міждо нами прохожати.
6_Kolessa_Melodii_1969,1,43,,"Та будеш наших дітей оскорбляти,"
6_Kolessa_Melodii_1969,1,44,,"Жінок зневажати,"
6_Kolessa_Melodii_1969,1,45,,Як то нам на тебе своїми очима
6_Kolessa_Melodii_1969,1,46,,Хоч тяжко та важко й оскорбляти».
6_Kolessa_Melodii_1969,1,47,,"Гей, то бідна й удова"
6_Kolessa_Melodii_1969,1,48,,"А се зачуває,"
6_Kolessa_Melodii_1969,1,49,,"Словами промовляє,"
6_Kolessa_Melodii_1969,1,50,,Сльозами проливає...
6_Kolessa_Melodii_1969,1,51,,"Ой що мовить словами,"
6_Kolessa_Melodii_1969,1,52,,Обіллється дрібними то й сльозами:
6_Kolessa_Melodii_1969,1,53,,"«Як то я вас, сини, годувала,"
6_Kolessa_Melodii_1969,1,54,,"Як камінь глодала,"
6_Kolessa_Melodii_1969,1,55,,"А чого тепер собі од вас діждала,"
6_Kolessa_Melodii_1969,1,56,,Що йти на чуже подвір’я проживати...»
6_Kolessa_Melodii_1969,1,57,,"Гей, то в святу неділеньку,"
6_Kolessa_Melodii_1969,1,58,,"То рано-пораненько,"
6_Kolessa_Melodii_1969,1,59,,То не в усі то дзвони дзвонять
6_Kolessa_Melodii_1969,1,60,,"А то сини неньку,"
6_Kolessa_Melodii_1969,1,61,,"Удову стареньку,"
6_Kolessa_Melodii_1969,1,62,,А з свого подвір’я ізгонять:
6_Kolessa_Melodii_1969,1,63,,"Що старший за руку веде,"
6_Kolessa_Melodii_1969,1,64,,"Середущий у плечі випихає,"
6_Kolessa_Melodii_1969,1,65,,"А найменчий ворота одчиняє,"
6_Kolessa_Melodii_1969,1,66,,Єї бідну клене й проклинає:
6_Kolessa_Melodii_1969,1,67,,"«Ой ідй ж ти, мати,"
6_Kolessa_Melodii_1969,1,68,,"Куда-небудь собі проживати,"
6_Kolessa_Melodii_1969,1,69,,"Бо ти нам ге вдобна,"
6_Kolessa_Melodii_1969,1,70,,Проти діла не способна.
6_Kolessa_Melodii_1969,1,71,,Оце ж тобі шлях-дорога
6_Kolessa_Melodii_1969,1,72,,"Широкая й довга!"""
6_Kolessa_Melodii_1969,1,73,,"Ой то пішла то бідна вдова,"
6_Kolessa_Melodii_1969,1,74,,"А плаче — стежечки не бачить,"
6_Kolessa_Melodii_1969,1,75,,"Потикається,"
6_Kolessa_Melodii_1969,1,76,,А то ще ж то найменчий син
6_Kolessa_Melodii_1969,1,77,,Край віконечка
6_Kolessa_Melodii_1969,1,78,,Насміхається:
6_Kolessa_Melodii_1969,1,79,,"«Гей, то дивіться, хлопці-панове, молодці,"
6_Kolessa_Melodii_1969,1,80,,"Як то наша мати потикається,"
6_Kolessa_Melodii_1969,1,81,,"Чи вина напивається,"
6_Kolessa_Melodii_1969,1,82,,"Чи ума лишається,"
6_Kolessa_Melodii_1969,1,83,,Що попід тином хиляється:
6_Kolessa_Melodii_1969,1,84,,Ой середущий син обізвався:
6_Kolessa_Melodii_1969,1,85,,"""Ой брати ж то рідненькі"
6_Kolessa_Melodii_1969,1,86,,Голубоньки сивенькі!
6_Kolessa_Melodii_1969,1,87,,"Гей, тож наша мати ні вина не напивала,"
6_Kolessa_Melodii_1969,1,88,,"Ні ума не лишала,"
6_Kolessa_Melodii_1969,1,89,,А то вна в роскоші та в щасті
6_Kolessa_Melodii_1969,1,90,,"Слізьми запивається,"
6_Kolessa_Melodii_1969,1,91,,Що попід тином хиляється».
6_Kolessa_Melodii_1969,1,92,,"Ой то пішла то бідна вдова,"
6_Kolessa_Melodii_1969,1,93,,А плаче — стежечки не бачить
6_Kolessa_Melodii_1969,1,94,,Потикається…
6_Kolessa_Melodii_1969,1,95,,"А й ще чужа чуженина,"
6_Kolessa_Melodii_1969,1,96,,"Молода челядина,"
6_Kolessa_Melodii_1969,1,97,,А з божого дому питається.
6_Kolessa_Melodii_1969,1,98,,"«Ей, чужа чуженино,"
6_Kolessa_Melodii_1969,1,99,,Молода челядино!
6_Kolessa_Melodii_1969,1,100,,Та нащо ти мене питаєш?
6_Kolessa_Melodii_1969,1,101,,Возьми ж ти мене
6_Kolessa_Melodii_1969,1,102,,На своє подвір’я!
6_Kolessa_Melodii_1969,1,103,,"Буду тобі сіни-хату вимітати,"
6_Kolessa_Melodii_1969,1,104,,"Та буду діток доглядати,"
6_Kolessa_Melodii_1969,1,105,,"Тобі, молодому челядину"
6_Kolessa_Melodii_1969,1,106,,Порядок то й давати».
6_Kolessa_Melodii_1969,1,107,,"Ей, то чужа чуженина,"
6_Kolessa_Melodii_1969,1,108,,"Молода челядина,"
6_Kolessa_Melodii_1969,1,109,,"Ворота одчиняє,"
6_Kolessa_Melodii_1969,1,110,,Бідну вдову до себе зазиває:
6_Kolessa_Melodii_1969,1,111,,"«Ой іди ж ти, вдово,"
6_Kolessa_Melodii_1969,1,112,,"До мене проживати,"
6_Kolessa_Melodii_1969,1,113,,"Не будеш ти мені,"
6_Kolessa_Melodii_1969,1,114,,Сіни й ані хати замітати:
6_Kolessa_Melodii_1969,1,115,,Та й тим ти будеш
6_Kolessa_Melodii_1969,1,116,,"Діток доглядати,"
6_Kolessa_Melodii_1969,1,117,,"Мені, молодому челядину,"
6_Kolessa_Melodii_1969,1,118,,Порядок то й давати.
6_Kolessa_Melodii_1969,1,119,,"Ой то буду тебе за рідну неньку почитати,"
6_Kolessa_Melodii_1969,1,120,,"Буду тебе до смерті годувати,"
6_Kolessa_Melodii_1969,1,121,,Тим ти будеш у мене
6_Kolessa_Melodii_1969,1,122,,"По свою жизнь проживати""."
6_Kolessa_Melodii_1969,1,123,,То бідна вдова
6_Kolessa_Melodii_1969,1,124,,"А в чужої чуженини,"
6_Kolessa_Melodii_1969,1,125,,"Молодої челядини, проживала"
6_Kolessa_Melodii_1969,1,126,,Аж тринадцять а три роки.
6_Kolessa_Melodii_1969,1,127,,На чотирнадцятому році
6_Kolessa_Melodii_1969,1,128,,"Та стали хуртовини наступати,"
6_Kolessa_Melodii_1969,1,129,,Та стали вдовиченків побивати:
6_Kolessa_Melodii_1969,1,130,,Що перва хуртовина
6_Kolessa_Melodii_1969,1,131,,"Дома попалила,"
6_Kolessa_Melodii_1969,1,132,,А друга хуртовина
6_Kolessa_Melodii_1969,1,133,,"Скотину поморила,"
6_Kolessa_Melodii_1969,1,134,,А третя хуртовина
6_Kolessa_Melodii_1969,1,135,,У полі й у домі
6_Kolessa_Melodii_1969,1,136,,"Та хліб побила,"
6_Kolessa_Melodii_1969,1,137,,А нічого в полі й у домі
6_Kolessa_Melodii_1969,1,138,,Не й остановила.
6_Kolessa_Melodii_1969,1,139,,"Як стали вдовиченки жити-проживати,"
6_Kolessa_Melodii_1969,1,140,,"Не стали в себе нічого мати,"
6_Kolessa_Melodii_1969,1,141,,То стали двори бур’янами заростати
6_Kolessa_Melodii_1969,1,142,,"Не стали люди подажати,"
6_Kolessa_Melodii_1969,1,143,,Не стали гості-панове
6_Kolessa_Melodii_1969,1,144,,"До їх заїжджати,"
6_Kolessa_Melodii_1969,1,145,,До себе зазивати;
6_Kolessa_Melodii_1969,1,146,,"Не стали куми-побратими навіщати,"
6_Kolessa_Melodii_1969,1,147,,Хоч стало тяжко та важко
6_Kolessa_Melodii_1969,1,148,,На світі проживати.
6_Kolessa_Melodii_1969,1,149,,"Гей, то в святу неділеньку,"
6_Kolessa_Melodii_1969,1,150,,"То рано-пораненько,"
6_Kolessa_Melodii_1969,1,151,,"То не в усі то дзвони дзвонять,"
6_Kolessa_Melodii_1969,1,152,,А то про вдовиченків
6_Kolessa_Melodii_1969,1,153,,Всє люди то й говорять.
6_Kolessa_Melodii_1969,1,154,,"А в святу то неділеньку,"
6_Kolessa_Melodii_1969,1,155,,"То рано-пораненько,"
6_Kolessa_Melodii_1969,1,156,,"То не сизі орли засвистали,"
6_Kolessa_Melodii_1969,1,157,,Як ті бідні вдовиченки
6_Kolessa_Melodii_1969,1,158,,"Од сна вставали,"
6_Kolessa_Melodii_1969,1,159,,"Біле лицке промивали,"
6_Kolessa_Melodii_1969,1,160,,То божі молитви сотворяли:
6_Kolessa_Melodii_1969,1,161,,Ой що мовять словами -
6_Kolessa_Melodii_1969,1,162,,Обіллються дрібними то й сльозами
6_Kolessa_Melodii_1969,1,163,,"Ой що старший син то мовить словами,"
6_Kolessa_Melodii_1969,1,164,,Обіллється дрібними сльозами:
6_Kolessa_Melodii_1969,1,165,,«Ой брате середущий
6_Kolessa_Melodii_1969,1,166,,І брате мій найменчий!
6_Kolessa_Melodii_1969,1,167,,Не гарно ми всі втрьох то й зробили…
6_Kolessa_Melodii_1969,1,168,,"Що ми свою неньку,"
6_Kolessa_Melodii_1969,1,169,,"Удову стареньку,"
6_Kolessa_Melodii_1969,1,170,,А з свого подвір'я зослали….
6_Kolessa_Melodii_1969,1,171,,"Ходім тепер, перед богом, перед людьми,"
6_Kolessa_Melodii_1969,1,172,,"А гріх-страм потерпімо,"
6_Kolessa_Melodii_1969,1,173,,"Свою неньку,"
6_Kolessa_Melodii_1969,1,174,,"Вдову стареньку,"
6_Kolessa_Melodii_1969,1,175,,На своє подвір’я й упросімо!
6_Kolessa_Melodii_1969,1,176,,Ой чи не прийде то наша мати
6_Kolessa_Melodii_1969,1,177,,До нас проживати.
6_Kolessa_Melodii_1969,1,178,,Бо вже нам тяжко та важко
6_Kolessa_Melodii_1969,1,179,,На світі пробувати».
6_Kolessa_Melodii_1969,1,180,,"Ой то скоро шапки в руки забрали,"
6_Kolessa_Melodii_1969,1,181,,"На коліна й упали,"
6_Kolessa_Melodii_1969,1,182,,"Свою неньку,"
6_Kolessa_Melodii_1969,1,183,,"Вдову стареньку,"
6_Kolessa_Melodii_1969,1,184,,До себе жить закликали.
6_Kolessa_Melodii_1969,1,185,,"«Ой іди ж ти, ненько,"
6_Kolessa_Melodii_1969,1,186,,До нас проживати!
6_Kolessa_Melodii_1969,1,187,,"Будем тепер дітей научати,"
6_Kolessa_Melodii_1969,1,188,,"Жінок спиняти,"
6_Kolessa_Melodii_1969,1,189,,Тебе за рідну неньку почитати».
6_Kolessa_Melodii_1969,1,190,,Ой то бідна вдова
6_Kolessa_Melodii_1969,1,191,,"А те зачуває,"
6_Kolessa_Melodii_1969,1,192,,"Словами промовляє,"
6_Kolessa_Melodii_1969,1,193,,Сльозами проливає.
6_Kolessa_Melodii_1969,1,194,,Що мовить словами
6_Kolessa_Melodii_1969,1,195,,Обіллється дрібними то й сльозами:
6_Kolessa_Melodii_1969,1,196,,"«Як то я вас, сини, годувала,"
6_Kolessa_Melodii_1969,1,197,,"Як камінь глодала,"
6_Kolessa_Melodii_1969,1,198,,"А чого тепер собі од вас діждала,"
6_Kolessa_Melodii_1969,1,199,,Що на чужому подвір’ї проживаю.
6_Kolessa_Melodii_1969,1,200,,"Ой не піду я до вас, сини, проживати,"
6_Kolessa_Melodii_1969,1,201,,"Щоб ваших дітей не оскорбляти,"
6_Kolessa_Melodii_1969,1,202,,"Жінок не зневажати,"
6_Kolessa_Melodii_1969,1,203,,Щоб вам не тяжко та не важко було на мене
6_Kolessa_Melodii_1969,1,204,,"Своїми очима й оскорбляти""."
6_Kolessa_Melodii_1969,1,205,,"Ой то бідна вдова добре знала, бо вже виділа;"
6_Kolessa_Melodii_1969,1,206,,"Ой на коліна й упадала,"
6_Kolessa_Melodii_1969,1,207,,"Руки вгору підіймала,"
6_Kolessa_Melodii_1969,1,208,,"Молитви сотворяла,"
6_Kolessa_Melodii_1969,1,209,,А своїх синів то прощала.
6_Kolessa_Melodii_1969,1,210,,"Як стала синів прощати,"
6_Kolessa_Melodii_1969,1,211,,То став їх господь милувати:
6_Kolessa_Melodii_1969,1,212,,"Стали люди поважати,"
6_Kolessa_Melodii_1969,1,213,,Та стали куми-побратими навіщати;
6_Kolessa_Melodii_1969,1,214,,А бідна вдова на чужому подвір’ї проживала.
6_Kolessa_Melodii_1969,1,215,,На чужому подвір’ї проживала
6_Kolessa_Melodii_1969,1,216,,І на чужому подвір’ї помірала.
6_Kolessa_Melodii_1969,1,217,,Ой то тільки бідної вдови
6_Kolessa_Melodii_1969,1,218,,"А прийшла то слава, її пам’ять,"
6_Kolessa_Melodii_1969,1,219,,"Міждо царями,"
6_Kolessa_Melodii_1969,1,220,,"Міждо князями,"
6_Kolessa_Melodii_1969,1,221,,Міждо православними християнами.
6_Kolessa_Melodii_1969,1,222,,Ой то її слава! —
6_Kolessa_Melodii_1969,1,223,,"Ой сотвори то, господи, їй вічну пам’ять,"
6_Kolessa_Melodii_1969,1,224,,"А всім слухающим головам,"
6_Kolessa_Melodii_1969,1,225,,"Пошли їм, боже,"
6_Kolessa_Melodii_1969,1,226,,На многая літа!
7_Kolessa_Melodii_1969,1,1,«Про удову»,"Ой у неділю рано-пораненько,"
7_Kolessa_Melodii_1969,1,2,,"То не темнії тумани налягали,"
7_Kolessa_Melodii_1969,1,3,,"Та не дробнії дощики накрапали,"
7_Kolessa_Melodii_1969,1,4,,То не сизая зозуля кувала —
7_Kolessa_Melodii_1969,1,5,,"А то бідная, нещасная вдова, мати старенька,"
7_Kolessa_Melodii_1969,1,6,,Всевишнього творця умоляла:
7_Kolessa_Melodii_1969,1,7,,"«А поможи мені, господи,"
7_Kolessa_Melodii_1969,1,8,,"Синов воскормити,"
7_Kolessa_Melodii_1969,1,9,,Та й у друзі подружити!
7_Kolessa_Melodii_1969,1,10,,"Та й у друзі подружити,"
7_Kolessa_Melodii_1969,1,11,,Хліба-солі дождати!
7_Kolessa_Melodii_1969,1,12,,"То синов у найми не пускати,"
7_Kolessa_Melodii_1969,1,13,,На стираніє ручок
7_Kolessa_Melodii_1969,1,14,,Людім не подати!»
7_Kolessa_Melodii_1969,1,15,,"А живуть же ті удовиченки, проживають,"
7_Kolessa_Melodii_1969,1,16,,"Добрії мислі мають,"
7_Kolessa_Melodii_1969,1,17,,"Свою матусю, нещасную вдову"
7_Kolessa_Melodii_1969,1,18,,А преч з дому проганяють.
7_Kolessa_Melodii_1969,1,19,,""" Ой іди ж ти, старая мати,"
7_Kolessa_Melodii_1969,1,20,,Преч з нашої багатої хати!
7_Kolessa_Melodii_1969,1,21,,"Ти бо нас не вгодна,"
7_Kolessa_Melodii_1969,1,22,,Нашим женам діла робити не способна!
7_Kolessa_Melodii_1969,1,23,,"А годі нам, мати,"
7_Kolessa_Melodii_1969,1,24,,"Твою старость чтити-поважати,"
7_Kolessa_Melodii_1969,1,25,,"І своїх женів страхати,"
7_Kolessa_Melodii_1969,1,26,,"Діток маленьких сопиняти!"""
7_Kolessa_Melodii_1969,1,27,,"Ой то найстарший син матусю під бок веде,"
7_Kolessa_Melodii_1969,1,28,,"Середущий у плечі суває,"
7_Kolessa_Melodii_1969,1,29,,"А самий то найменчий в спину,"
7_Kolessa_Melodii_1969,1,30,,"Двері-ворота одчиняє,"
7_Kolessa_Melodii_1969,1,31,,За праву руку
7_Kolessa_Melodii_1969,1,32,,З двора й вивождає...
7_Kolessa_Melodii_1969,1,33,,"«Ой оце тобі, мати, дорога,"
7_Kolessa_Melodii_1969,1,34,,"Широкая, довга!»"
7_Kolessa_Melodii_1969,1,35,,"А три сина, саме вони поверталися,"
7_Kolessa_Melodii_1969,1,36,,"Край віконець стали,"
7_Kolessa_Melodii_1969,1,37,,"Свою матусю, нещасну вдову,"
7_Kolessa_Melodii_1969,1,38,,Вони й осуждали:
7_Kolessa_Melodii_1969,1,39,,"«О , дивіться ж ви, братця-панове,"
7_Kolessa_Melodii_1969,1,40,,"Як рано-пораненько,"
7_Kolessa_Melodii_1969,1,41,,"А в святую неділеньку,"
7_Kolessa_Melodii_1969,1,42,,"Мати вина напивається,"
7_Kolessa_Melodii_1969,1,43,,"Та ума лишається,"
7_Kolessa_Melodii_1969,1,44,,Понад сусідськими дворами валяється!»
7_Kolessa_Melodii_1969,1,45,,"О, пішла нещасная вдова вздовж вуличками,"
7_Kolessa_Melodii_1969,1,46,,Вмивається горкими сльозами…
7_Kolessa_Melodii_1969,1,47,,"О, сльоза сльозу побиває,"
7_Kolessa_Melodii_1969,1,48,,"А вона близькую сусідину,"
7_Kolessa_Melodii_1969,1,49,,"Та чужую чуженину,"
7_Kolessa_Melodii_1969,1,50,,Просить і благає:
7_Kolessa_Melodii_1969,1,51,,"«Ой, чужая чуженино,"
7_Kolessa_Melodii_1969,1,52,,А молодая челядино:
7_Kolessa_Melodii_1969,1,53,,Прийми мене в свій дім
7_Kolessa_Melodii_1969,1,54,,Віку доживати!
7_Kolessa_Melodii_1969,1,55,,"Буду хліба-солі в тебе заробляти,"
7_Kolessa_Melodii_1969,1,56,,"І дітей тобі доглядати,"
7_Kolessa_Melodii_1969,1,57,,"Тебе, молодую челядину,"
7_Kolessa_Melodii_1969,1,58,,"А на добрий разум научати""."
7_Kolessa_Melodii_1969,1,59,,"А не мал овремя прохождало, і тринадцять год,"
7_Kolessa_Melodii_1969,1,60,,Нещасная вдова в сусідському домі
7_Kolessa_Melodii_1969,1,61,,А вона проживала.
7_Kolessa_Melodii_1969,1,62,,"О, жила вона, проживала,—"
7_Kolessa_Melodii_1969,1,63,,На чотирнадцятому году
7_Kolessa_Melodii_1969,1,64,,Ой господь удовиченків карає:
7_Kolessa_Melodii_1969,1,65,,"Стали громи погрімати,"
7_Kolessa_Melodii_1969,1,66,,"Став господь великі тучі насилати,"
7_Kolessa_Melodii_1969,1,67,,"І в видимо, то не в видимо."
7_Kolessa_Melodii_1969,1,68,,Удовиченків карати.
7_Kolessa_Melodii_1969,1,69,,Ой у неділю ж то рано-пораненько
7_Kolessa_Melodii_1969,1,70,,"А люде до церкви йдуть,"
7_Kolessa_Melodii_1969,1,71,,Як бджілки гудуть.
7_Kolessa_Melodii_1969,1,72,,Про вдовиченків говорять:
7_Kolessa_Melodii_1969,1,73,,"«Ой хіба то в їх домі хліба-солі то не стало,"
7_Kolessa_Melodii_1969,1,74,,"Що вони свою матусю, то нещасную вдову"
7_Kolessa_Melodii_1969,1,75,,О преч з дому прогнали!»
7_Kolessa_Melodii_1969,1,76,,А найстарший же син своїх братів просить і благає:
7_Kolessa_Melodii_1969,1,77,,"А гіркії сльози проливає,"
7_Kolessa_Melodii_1969,1,78,,"Та братів своїх просить і благає,"
7_Kolessa_Melodii_1969,1,79,,"«Ой брати мої рідненькі,"
7_Kolessa_Melodii_1969,1,80,,Голубчики сизенькі!
7_Kolessa_Melodii_1969,1,81,,"Ой ходімо, свою матусю будем просити-благати,"
7_Kolessa_Melodii_1969,1,82,,"В свій дім жить приняти,"
7_Kolessa_Melodii_1969,1,83,,Чи не перестане нас господь
7_Kolessa_Melodii_1969,1,84,,Хоч мало карати».
7_Kolessa_Melodii_1969,1,85,,"До сусідського дому дохождає,"
7_Kolessa_Melodii_1969,1,86,,"До сирої землі припадає,"
7_Kolessa_Melodii_1969,1,87,,"А свою матусю, то нещасную вдову,"
7_Kolessa_Melodii_1969,1,88,,Просить і благає:
7_Kolessa_Melodii_1969,1,89,,"«Ой іди ж ти, старая мати,"
7_Kolessa_Melodii_1969,1,90,,"В наші дома, будеш віку доживати!"
7_Kolessa_Melodii_1969,1,91,,"А ми будемо, мати,"
7_Kolessa_Melodii_1969,1,92,,"Жен своїх страхати,"
7_Kolessa_Melodii_1969,1,93,,"Та діток маленьких сопиняти,"
7_Kolessa_Melodii_1969,1,94,,А діток маленьких сопиняти.
7_Kolessa_Melodii_1969,1,95,,"А діток маленьких сопиняти,"
7_Kolessa_Melodii_1969,1,96,,Чи не перестане нас господь
7_Kolessa_Melodii_1969,1,97,,Хоч мало карати».
7_Kolessa_Melodii_1969,1,98,,"Ой нещасная вдова,"
7_Kolessa_Melodii_1969,1,99,,"Мати старенькая,"
7_Kolessa_Melodii_1969,1,100,,Милосердіє над синами має:
7_Kolessa_Melodii_1969,1,101,,"До синів у дім уступає,"
7_Kolessa_Melodii_1969,1,102,,Бога милосердного
7_Kolessa_Melodii_1969,1,103,,Просить умоляє:
7_Kolessa_Melodii_1969,1,104,,"«Хіба я тройцу святую не вмолила,"
7_Kolessa_Melodii_1969,1,105,,Що нещасная фортуна
7_Kolessa_Melodii_1969,1,106,,Моїм синам послідила:
7_Kolessa_Melodii_1969,1,107,,"Ані в полі, ні у домі,"
7_Kolessa_Melodii_1969,1,108,,"Ні хліба, ні солі,—"
7_Kolessa_Melodii_1969,1,109,,Нічого не вздріли.
7_Kolessa_Melodii_1969,1,110,,То найстаршому сину
7_Kolessa_Melodii_1969,1,111,,"Дом багатий воспалила,"
7_Kolessa_Melodii_1969,1,112,,Середущому сину
7_Kolessa_Melodii_1969,1,113,,Нещасная фортуна послідила:
7_Kolessa_Melodii_1969,1,114,,"Ані в полі, ні у домі,"
7_Kolessa_Melodii_1969,1,115,,"Ні хліба, ні солі,—"
7_Kolessa_Melodii_1969,1,116,,Нічого не вздріли».
7_Kolessa_Melodii_1969,1,117,,"Хто буде на світі проживати,"
7_Kolessa_Melodii_1969,1,118,,"Та отця-неньку поважати,"
7_Kolessa_Melodii_1969,1,119,,Ай отцеву-матусину молитву
7_Kolessa_Melodii_1969,1,120,,"Буде умоляти,"
7_Kolessa_Melodii_1969,1,121,,Отцева-матусина молитва
7_Kolessa_Melodii_1969,1,122,,Буде помагати.
7_Kolessa_Melodii_1969,1,123,,"І народу всему царському,"
7_Kolessa_Melodii_1969,1,124,,Мирові християнському
7_Kolessa_Melodii_1969,1,125,,На многая літа!
8_Kolessa_Melodii_1969,1,1,«Про піхотинця»,"Ой не темнії тумани то налягали,"
8_Kolessa_Melodii_1969,1,2,,"Та не дробнії дощики ой накрапали,—"
8_Kolessa_Melodii_1969,1,3,,"То три брати з турецької землі,"
8_Kolessa_Melodii_1969,1,4,,З бусурменської невіри
8_Kolessa_Melodii_1969,1,5,,"Утікали, й утікали."
8_Kolessa_Melodii_1969,1,6,,"О, два брати то на коніх,"
8_Kolessa_Melodii_1969,1,7,,Третій піший-піхотинець;
8_Kolessa_Melodii_1969,1,8,,"Своїх братів він доганяє,"
8_Kolessa_Melodii_1969,1,9,,"Міждо коні й убігає,"
8_Kolessa_Melodii_1969,1,10,,"За стремена їх хватає,"
8_Kolessa_Melodii_1969,1,11,,Сизими голубами називає:
8_Kolessa_Melodii_1969,1,12,,"«О, брати мої рідненькі,"
8_Kolessa_Melodii_1969,1,13,,Голубочки сизенькі!
8_Kolessa_Melodii_1969,1,14,,"Станьте ви, коні попасіте,"
8_Kolessa_Melodii_1969,1,15,,"Мене, менчого брата,"
8_Kolessa_Melodii_1969,1,16,,"Пішого піхотинця, обождіте!"
8_Kolessa_Melodii_1969,1,17,,"О, хоч на свої коні молодецькії,"
8_Kolessa_Melodii_1969,1,18,,"Добрії, козацькії возьміте,"
8_Kolessa_Melodii_1969,1,19,,Та одную милю верст подвезіте!
8_Kolessa_Melodii_1969,1,20,,А хоч моє козацькоє-молодецькоє тіло
8_Kolessa_Melodii_1969,1,21,,Врагам на поталу не пустіть!»
8_Kolessa_Melodii_1969,1,22,,"О, два брати скоро з неволі й утікали,"
8_Kolessa_Melodii_1969,1,23,,"З города й Азова,"
8_Kolessa_Melodii_1969,1,24,,"Із турецької віри,"
8_Kolessa_Melodii_1969,1,25,,З бусурменської віри
8_Kolessa_Melodii_1969,1,26,,"Утікали, й утікали."
9_Kolessa_Melodii_1969,1,1,«Про піхотинця»,"Ой! Ой, то не пили пилили,"
9_Kolessa_Melodii_1969,1,2,,"О , то не тумини й уставали, -"
9_Kolessa_Melodii_1969,1,3,,"Ой, то три брати з землі турецької,"
9_Kolessa_Melodii_1969,1,4,,"З віри бусурменської,"
9_Kolessa_Melodii_1969,1,5,,З тяжкої неволі утікали.
9_Kolessa_Melodii_1969,1,6,,"Ой два конних, третій піший пішениця,"
9_Kolessa_Melodii_1969,1,7,,Як чужа чужениця:
9_Kolessa_Melodii_1969,1,8,,"Ого за конними й уганяє,"
9_Kolessa_Melodii_1969,1,9,,"За стремена хватає,"
9_Kolessa_Melodii_1969,1,10,,Та до їх словами промовляє:
9_Kolessa_Melodii_1969,1,11,,"«Ой! братчики мої родні,"
9_Kolessa_Melodii_1969,1,12,,Голубоньки ж сиві!
9_Kolessa_Melodii_1969,1,13,,"Станьте собі, коні попасіте,"
9_Kolessa_Melodii_1969,1,14,,"Найменчого брата,"
9_Kolessa_Melodii_1969,1,15,,"Пішого піхотинчика, обождіте,"
9_Kolessa_Melodii_1969,1,16,,"Хоч на коні та возьміте,"
9_Kolessa_Melodii_1969,1,17,,В християнськії города подвезіте!
9_Kolessa_Melodii_1969,1,18,,"Ото, брати, то я буду знати,"
9_Kolessa_Melodii_1969,1,19,,"Куди то з землі турецької,"
9_Kolessa_Melodii_1969,1,20,,"З віри бусурменської,"
9_Kolessa_Melodii_1969,1,21,,З тяжкої неволі
9_Kolessa_Melodii_1969,1,22,,В християнськії города
9_Kolessa_Melodii_1969,1,23,,"До отця, до неньки прибувати."
9_Kolessa_Melodii_1969,1,24,,"А не хочете на коні й узяти,—"
9_Kolessa_Melodii_1969,1,25,,З пліч головоньку ізнімайте!»
10_Kolessa_Melodii_1969,1,1,«Про дівку-бранку»,"В Царіграді на базарі,"
10_Kolessa_Melodii_1969,1,2,,"В Царіграді на базарі,"
10_Kolessa_Melodii_1969,1,3,,"Де брат сестру запродає,"
10_Kolessa_Melodii_1969,1,4,,Де брат сестру запродає.
10_Kolessa_Melodii_1969,1,5,,"Та не знає, Що взять має;"
10_Kolessa_Melodii_1969,1,6,,Вона сама собі ціну знає:
10_Kolessa_Melodii_1969,1,7,,"""Бери гроші не лічачи,"
10_Kolessa_Melodii_1969,1,8,,"Сребро, злато не важачи""."
10_Kolessa_Melodii_1969,1,9,,"Китаєчку не мірячи."""
10_Kolessa_Melodii_1969,1,10,,"Десь узявся злий татарин,"
10_Kolessa_Melodii_1969,1,11,,Десь узявся презлий панич.
10_Kolessa_Melodii_1969,1,12,,"Дає гроші не лічачи,"
10_Kolessa_Melodii_1969,1,13,,Китаєчку не мірячи.
10_Kolessa_Melodii_1969,1,14,,"Став брат сестру з рук здавати,"
10_Kolessa_Melodii_1969,1,15,,Татарина научати:
10_Kolessa_Melodii_1969,1,16,,"""Татарине, презлий пане,"
10_Kolessa_Melodii_1969,1,17,,"Не дай дівці заплакати!"""
10_Kolessa_Melodii_1969,1,18,,"""Не дай дівці заплакати,"
10_Kolessa_Melodii_1969,1,19,,"Отця, неньку спом'янути!"""
10_Kolessa_Melodii_1969,1,20,,"""Отця, неньку спом'янути,"
10_Kolessa_Melodii_1969,1,21,,"В свою землю поглянути""."
10_Kolessa_Melodii_1969,1,22,,"Дівка-бранка не втерпіла,"
10_Kolessa_Melodii_1969,1,23,,В свою землю поглянула.
10_Kolessa_Melodii_1969,1,24,,"В свою землю поглянула,"
10_Kolessa_Melodii_1969,1,25,,Отця й неньку спом’янула.
10_Kolessa_Melodii_1969,1,26,,"Як угледів злий татарин,"
10_Kolessa_Melodii_1969,1,27,,"Як угледів презлий панич,"
10_Kolessa_Melodii_1969,1,28,,Да вдарився об білу грудь.
10_Kolessa_Melodii_1969,1,29,,Да вдарився об білу грудь.
10_Kolessa_Melodii_1969,1,30,,"Десь узялась на морі хвиля,"
10_Kolessa_Melodii_1969,1,31,,Всі кораблики побила.
10_Kolessa_Melodii_1969,1,32,,"Всі кораблики побила,"
10_Kolessa_Melodii_1969,1,33,,Татарина затопила.
10_Kolessa_Melodii_1969,1,34,,"Татарина затопила,"
10_Kolessa_Melodii_1969,1,35,,"Невольничку зоставила,"
10_Kolessa_Melodii_1969,1,36,,Невольничку зоставила.
10_Kolessa_Melodii_1969,1,37,,В свою землю викинула.
10_Kolessa_Melodii_1969,1,38,,"Отця-неньку спом’янула,"
10_Kolessa_Melodii_1969,1,39,,В свою землю жить попала.
11_Kolessa_Melodii_1969,1,1,«Про Олексія Поповича»,"Ой по Чорному морю,"
11_Kolessa_Melodii_1969,1,2,,"Ой на каміні біленькому,"
11_Kolessa_Melodii_1969,1,3,,Там сидів сокіл ясненький;
11_Kolessa_Melodii_1969,1,4,,"Жалібненько квилить, проквиляє,"
11_Kolessa_Melodii_1969,1,5,,"І на Чорноє море спилна поглядає,"
11_Kolessa_Melodii_1969,1,6,,Що на Чорному морі все не добре починає.
11_Kolessa_Melodii_1969,1,7,,"Зла, супротивна, хвилешна хвиля уставає,"
11_Kolessa_Melodii_1969,1,8,,"Судна козацькиї, і молодецькиї"
11_Kolessa_Melodii_1969,1,9,,На три части розбиває.
11_Kolessa_Melodii_1969,1,10,,"Перву часть ухопило,"
11_Kolessa_Melodii_1969,1,11,,В турецьку землю занесло;
11_Kolessa_Melodii_1969,1,12,,"Другу часть ухопило,"
11_Kolessa_Melodii_1969,1,13,,В дунайське гирло забило.
11_Kolessa_Melodii_1969,1,14,,"А третя часть тут має,"
11_Kolessa_Melodii_1969,1,15,,"Посередині Чорного моря,"
11_Kolessa_Melodii_1969,1,16,,"На бистрій хвилі,"
11_Kolessa_Melodii_1969,1,17,,Ой при той части
11_Kolessa_Melodii_1969,1,18,,Було війська много;
11_Kolessa_Melodii_1969,1,19,,Хто був старшиною?
11_Kolessa_Melodii_1969,1,20,,"Грицько Коломийчин,"
11_Kolessa_Melodii_1969,1,21,,По всьому війську ізбарзе й окличен.
11_Kolessa_Melodii_1969,1,22,,"То до козаків словами промовляє,"
11_Kolessa_Melodii_1969,1,23,,Сльозами вбливає:
11_Kolessa_Melodii_1969,1,24,,"«Ой козаки, панове-молодці!"
11_Kolessa_Melodii_1969,1,25,,"Добре ви дбайте,"
11_Kolessa_Melodii_1969,1,26,,"Гріхов не тайте,"
11_Kolessa_Melodii_1969,1,27,,Сповідайтесь ви
11_Kolessa_Melodii_1969,1,28,,Наперед милосердному богу
11_Kolessa_Melodii_1969,1,29,,"І Чорному морю,"
11_Kolessa_Melodii_1969,1,30,,Ой отаману кошовому».
11_Kolessa_Melodii_1969,1,31,,"Ті ж козаки те зачували,"
11_Kolessa_Melodii_1969,1,32,,Та всі замовчали;
11_Kolessa_Melodii_1969,1,33,,Тільки обізветься
11_Kolessa_Melodii_1969,1,34,,"Олексій Попович,"
11_Kolessa_Melodii_1969,1,35,,"Гетьман, запорожець:"
11_Kolessa_Melodii_1969,1,36,,"«Ей, козаки, панове молодці!"
11_Kolessa_Melodii_1969,1,37,,"Добре ви вчиніте,"
11_Kolessa_Melodii_1969,1,38,,"Мене ж, Олексія Поповича"
11_Kolessa_Melodii_1969,1,39,,"Самого возьміте,"
11_Kolessa_Melodii_1969,1,40,,"До моєї шиї біленький камінь прив’яжіте,"
11_Kolessa_Melodii_1969,1,41,,"Очі мої козацькиї, молодецькиї"
11_Kolessa_Melodii_1969,1,42,,"Червоной китайкой запніте,"
11_Kolessa_Melodii_1969,1,43,,Ой самого мене в Чорне море іспустіте!
11_Kolessa_Melodii_1969,1,44,,Нехай же я буду сам своєю головою
11_Kolessa_Melodii_1969,1,45,,"Чорне море дарувати,"
11_Kolessa_Melodii_1969,1,46,,"Ніжли я маю много душ, вір християнских"
11_Kolessa_Melodii_1969,1,47,,По Чорному морю
11_Kolessa_Melodii_1969,1,48,,Безневинно погубляти».
11_Kolessa_Melodii_1969,1,49,,"Ті козаки те зачували,"
11_Kolessa_Melodii_1969,1,50,,До Олексія Поповича
11_Kolessa_Melodii_1969,1,51,,"Словами промовляли,"
11_Kolessa_Melodii_1969,1,52,,Сльозами обливали:
11_Kolessa_Melodii_1969,1,53,,"«Ей, Олексію Поповичу,"
11_Kolessa_Melodii_1969,1,54,,"Славний лицарю, писарю!"
11_Kolessa_Melodii_1969,1,55,,Ти ж святе письмо
11_Kolessa_Melodii_1969,1,56,,По тричі на день читаєш
11_Kolessa_Melodii_1969,1,57,,"І нас, простих козаків,"
11_Kolessa_Melodii_1969,1,58,,"На все добре научаєш,—"
11_Kolessa_Melodii_1969,1,59,,По чому ж ти від нас гріхів більше маєш?»
11_Kolessa_Melodii_1969,1,60,,"Ой Олексій Попович те зачуває,"
11_Kolessa_Melodii_1969,1,61,,"Словами промовляє,"
11_Kolessa_Melodii_1969,1,62,,Сльозами обливає:
11_Kolessa_Melodii_1969,1,63,,"«Ой козаки, панове-молодці!"
11_Kolessa_Melodii_1969,1,64,,Я ж святе письмо
11_Kolessa_Melodii_1969,1,65,,"По тричі на день читаю,"
11_Kolessa_Melodii_1969,1,66,,"І вас, простих козаків,"
11_Kolessa_Melodii_1969,1,67,,"На все добре научаю,"
11_Kolessa_Melodii_1969,1,68,,Від вас таки гріхів більше маю.
11_Kolessa_Melodii_1969,1,69,,"Що я в охотне військо од'їжджав,"
11_Kolessa_Melodii_1969,1,70,,"Не добре починав,"
11_Kolessa_Melodii_1969,1,71,,З отцем і з матірею
11_Kolessa_Melodii_1969,1,72,,"Прощенія не мав,"
11_Kolessa_Melodii_1969,1,73,,"Старшого брата за брата не мав,"
11_Kolessa_Melodii_1969,1,74,,"Старшую сестру збарзе поважав,"
11_Kolessa_Melodii_1969,1,75,,Ой у груди стременом одпихав…
11_Kolessa_Melodii_1969,1,76,,"Либонь мене, козаки, панове-молодці,"
11_Kolessa_Melodii_1969,1,77,,Найбільше тут гріх спіткав.
11_Kolessa_Melodii_1969,1,78,,"Ой іще з города вибігав,"
11_Kolessa_Melodii_1969,1,79,,Самих маленьких дітей
11_Kolessa_Melodii_1969,1,80,,"Конем розбивав,"
11_Kolessa_Melodii_1969,1,81,,Кров християнську
11_Kolessa_Melodii_1969,1,82,,Безневинно я проливав.
11_Kolessa_Melodii_1969,1,83,,"Ой молодії жени за ворота вибігали,"
11_Kolessa_Melodii_1969,1,84,,Маленькі дітки на руки хватали
11_Kolessa_Melodii_1969,1,85,,"Мене ж, Олексія Поповича,"
11_Kolessa_Melodii_1969,1,86,,"Кляли, проклинали."
11_Kolessa_Melodii_1969,1,87,,"Ой іще ж я поз сорок церков пробігав,"
11_Kolessa_Melodii_1969,1,88,,"За своєю гордостю шапки не скидав,"
11_Kolessa_Melodii_1969,1,89,,На себе Хреста не складав
11_Kolessa_Melodii_1969,1,90,,І отцівської й материної молитви не споминав.
11_Kolessa_Melodii_1969,1,91,,"Либонь мене, козаки, панове-молодці,"
11_Kolessa_Melodii_1969,1,92,,Найбільший то гріх спіткав.
11_Kolessa_Melodii_1969,1,93,,"Ой іще ж мимо царську громаду пробігав,"
11_Kolessa_Melodii_1969,1,94,,"За своєю гордостю шапки не скидав,"
11_Kolessa_Melodii_1969,1,95,,"Мужикам, козакам"
11_Kolessa_Melodii_1969,1,96,,"На день добрий не давав,"
11_Kolessa_Melodii_1969,1,97,,З празником не поздоровляв..
11_Kolessa_Melodii_1969,1,98,,"Либонь мене, козаки, панове-молодці,"
11_Kolessa_Melodii_1969,1,99,,Найбільший тут гріх спіткав.
11_Kolessa_Melodii_1969,1,100,,"Ой не єсть се мене Чорне море потопляє,"
11_Kolessa_Melodii_1969,1,101,,Єсть се мене отцівська-материна молитва карає.
11_Kolessa_Melodii_1969,1,102,,Ой якби мене отцівська-материна молитва
11_Kolessa_Melodii_1969,1,103,,"Од смерти вборонила,"
11_Kolessa_Melodii_1969,1,104,,"На Чорному морі не втопила,"
11_Kolessa_Melodii_1969,1,105,,"Як буду я до отця, до матері,"
11_Kolessa_Melodii_1969,1,106,,"До роду прибувати,"
11_Kolessa_Melodii_1969,1,107,,І буду отця та й матір
11_Kolessa_Melodii_1969,1,108,,"Штити, шанувати й поважати."
11_Kolessa_Melodii_1969,1,109,,І старшого брата буду я
11_Kolessa_Melodii_1969,1,110,,За рідного отця почитати.
11_Kolessa_Melodii_1969,1,111,,А близьких сусід за рідну браттю в себе мати».
11_Kolessa_Melodii_1969,1,112,,Скоро став Олексій Попович
11_Kolessa_Melodii_1969,1,113,,По істинні правді
11_Kolessa_Melodii_1969,1,114,,"Гріхи богу сповідати, -"
11_Kolessa_Melodii_1969,1,115,,"Зараз стала зла, супротивна,"
11_Kolessa_Melodii_1969,1,116,,Хвилешна хвиля
11_Kolessa_Melodii_1969,1,117,,На Чорному морі притихати.
11_Kolessa_Melodii_1969,1,118,,"Притихала і впадала,"
11_Kolessa_Melodii_1969,1,119,,"Мов на Чорному морі не бувала,"
11_Kolessa_Melodii_1969,1,120,,Ой усіх козаків
11_Kolessa_Melodii_1969,1,121,,До острова живцем прибивала
11_Kolessa_Melodii_1969,1,122,,"То козаки на острві виходили,"
11_Kolessa_Melodii_1969,1,123,,"Великим дивом дивували,"
11_Kolessa_Melodii_1969,1,124,,"Словами промоляли,"
11_Kolessa_Melodii_1969,1,125,,Сльозами вбливали:
11_Kolessa_Melodii_1969,1,126,,""" Що на якому Чорному морю,"
11_Kolessa_Melodii_1969,1,127,,"На бистрій хвилі,"
11_Kolessa_Melodii_1969,1,128,,"На лихій хуртовині потопали,"
11_Kolessa_Melodii_1969,1,129,,Ані одного через Олексія Поповича козака
11_Kolessa_Melodii_1969,1,130,,"З міждо віськами не втеряли""."
11_Kolessa_Melodii_1969,1,131,,Олексій Попович
11_Kolessa_Melodii_1969,1,132,,"На чуда вихождає,"
11_Kolessa_Melodii_1969,1,133,,"Бере в руки святе письмо,"
11_Kolessa_Melodii_1969,1,134,,"По тричі на день читає,"
11_Kolessa_Melodii_1969,1,135,,Ой усіх козаків
11_Kolessa_Melodii_1969,1,136,,На все добре научає:
11_Kolessa_Melodii_1969,1,137,,""" Слухайте козаки, панове-молодці,"
11_Kolessa_Melodii_1969,1,138,,"Як се святе письмо висвічує,"
11_Kolessa_Melodii_1969,1,139,,На все моленіє указує:
11_Kolessa_Melodii_1969,1,140,,"Ей, которий чоловік отцівську-материну молитву"
11_Kolessa_Melodii_1969,1,141,,"Штить, шанує, поважає,"
11_Kolessa_Melodii_1969,1,142,,То отцівська-материна молитва
11_Kolessa_Melodii_1969,1,143,,"У купецтві і в реместві,"
11_Kolessa_Melodii_1969,1,144,,І на полі і на морі
11_Kolessa_Melodii_1969,1,145,,Ой на помощ спомагає.
11_Kolessa_Melodii_1969,1,146,,То отцівська-материна молитва
11_Kolessa_Melodii_1969,1,147,,"Зо дна моря винімає,"
11_Kolessa_Melodii_1969,1,148,,"Од великих гріхів душу відкупляє,"
11_Kolessa_Melodii_1969,1,149,,До царствія небесного привождає».
11_Kolessa_Melodii_1969,1,150,,"Нам годиться теє спом’ятати,"
11_Kolessa_Melodii_1969,1,151,,За которими молитвами
11_Kolessa_Melodii_1969,1,152,,Стали ми хліба-соли поживати.
11_Kolessa_Melodii_1969,1,153,,"Дай же, боже, миру царському"
11_Kolessa_Melodii_1969,1,154,,І народу християнському
11_Kolessa_Melodii_1969,1,155,,"Од сьогодні всім на здравія,"
11_Kolessa_Melodii_1969,1,156,,"На многая лєта,"
11_Kolessa_Melodii_1969,1,157,,Многая лєта!
12_Kolessa_Melodii_1969,1,1,«Про удову»,"Ой не діброва зашуміла,"
12_Kolessa_Melodii_1969,1,2,,Як удова старая
12_Kolessa_Melodii_1969,1,3,,З своїми дітками маленькими
12_Kolessa_Melodii_1969,1,4,,У своєму дому гомоніла.
12_Kolessa_Melodii_1969,1,5,,Мала собі вдова три сини
12_Kolessa_Melodii_1969,1,6,,"Як ясниї, гласниї соколи;"
12_Kolessa_Melodii_1969,1,7,,"Вона ж годувала,"
12_Kolessa_Melodii_1969,1,8,,"До зросту у найми не пускала,"
12_Kolessa_Melodii_1969,1,9,,Ой вона ж своєй головонці при старості літ
12_Kolessa_Melodii_1969,1,10,,При їх житія сподівала.
12_Kolessa_Melodii_1969,1,11,,"А скоро стали сини до разума дохожати,"
12_Kolessa_Melodii_1969,1,12,,"Стали молоде подружжа принімати,"
12_Kolessa_Melodii_1969,1,13,,"Зараз стали матір, стару вдову,"
12_Kolessa_Melodii_1969,1,14,,На сміх підіймати.
12_Kolessa_Melodii_1969,1,15,,"Зараз стали матері, старій вдові,"
12_Kolessa_Melodii_1969,1,16,,"Хлібом-сіллю дорікати,"
12_Kolessa_Melodii_1969,1,17,,Із домівки ізсилати.
12_Kolessa_Melodii_1969,1,18,,"«Іди ж ти, нене, і пріч від мене!"
12_Kolessa_Melodii_1969,1,19,,"І будуть, нене, гості в мене —"
12_Kolessa_Melodii_1969,1,20,,"Царі та князі,"
12_Kolessa_Melodii_1969,1,21,,"Будуть пити, гуляти,"
12_Kolessa_Melodii_1969,1,22,,"Будеш ти, мати старая,"
12_Kolessa_Melodii_1969,1,23,,У порога геть стояти.
12_Kolessa_Melodii_1969,1,24,,Ой то я ж тебе не знатиму
12_Kolessa_Melodii_1969,1,25,,"За своєю гордощею,"
12_Kolessa_Melodii_1969,1,26,,"Як тебе назвати, вже й мати!»"
12_Kolessa_Melodii_1969,1,27,,"А та вдова се зачуває,"
12_Kolessa_Melodii_1969,1,28,,"З двора схожає,"
12_Kolessa_Melodii_1969,1,29,,"По вулиці склоняє, валяє,"
12_Kolessa_Melodii_1969,1,30,,За своїми дробними сльозами
12_Kolessa_Melodii_1969,1,31,,Світа божого не видає:
12_Kolessa_Melodii_1969,1,32,,"«Що великая туга коло мого серця,"
12_Kolessa_Melodii_1969,1,33,,"Мов хто ножем пробиває""."
12_Kolessa_Melodii_1969,1,34,,Близькі сусіди поглядали:
12_Kolessa_Melodii_1969,1,35,,"""Ой удово, старая мати,"
12_Kolessa_Melodii_1969,1,36,,Іди в наш чужий дім проживати.
12_Kolessa_Melodii_1969,1,37,,"Будем тебе хлібом-сіллю годувати,"
12_Kolessa_Melodii_1969,1,38,,Будеш ти наших маленьких діток доглядати».
12_Kolessa_Melodii_1969,1,39,,"А вдова теє зачуває,"
12_Kolessa_Melodii_1969,1,40,,"У чужий дом ухождає,"
12_Kolessa_Melodii_1969,1,41,,"Живе, проживає,"
12_Kolessa_Melodii_1969,1,42,,"Хатку помітає,"
12_Kolessa_Melodii_1969,1,43,,"Лавки помиває,"
12_Kolessa_Melodii_1969,1,44,,"Ой на ранній зорі, на вечірній"
12_Kolessa_Melodii_1969,1,45,,Спочивання собі
12_Kolessa_Melodii_1969,1,46,,Ніколи вона вже не має;
12_Kolessa_Melodii_1969,1,47,,"Ой своїх синів збарзе зневажає,"
12_Kolessa_Melodii_1969,1,48,,Клене-проклинає:
12_Kolessa_Melodii_1969,1,49,,"«Ой сини мої, сини,"
12_Kolessa_Melodii_1969,1,50,,"Три, як ясниї, гласниї соколи!"
12_Kolessa_Melodii_1969,1,51,,"Ой бодай ви отнині до віку щастя-долі не мали,"
12_Kolessa_Melodii_1969,1,52,,Як ви мене при старости літ
12_Kolessa_Melodii_1969,1,53,,З домівки зіслали!
12_Kolessa_Melodii_1969,1,54,,Що як я ручками та пучками
12_Kolessa_Melodii_1969,1,55,,"Хліба-соли заробляла,"
12_Kolessa_Melodii_1969,1,56,,"Та вас годувала, -"
12_Kolessa_Melodii_1969,1,57,,"А тепер хотя б ні пила, ні їла,"
12_Kolessa_Melodii_1969,1,58,,Хотя б у вас в тихомирстві ще посиділа».
12_Kolessa_Melodii_1969,1,59,,"Та которі в них пили та гуляли,"
12_Kolessa_Melodii_1969,1,60,,"За ворота вийшовши, їх осуждали:"
12_Kolessa_Melodii_1969,1,61,,"«Братіки милі,"
12_Kolessa_Melodii_1969,1,62,,Голубоньки сиві!
12_Kolessa_Melodii_1969,1,63,,"Скільки ми в вас п’ємо та гуляємо,"
12_Kolessa_Melodii_1969,1,64,,Ой чому ми старої матері
12_Kolessa_Melodii_1969,1,65,,Ой у вічі видом не видаємо?
12_Kolessa_Melodii_1969,1,66,,"Чи ви її завдали,"
12_Kolessa_Melodii_1969,1,67,,Чи ви її запродали?
12_Kolessa_Melodii_1969,1,68,,"Чи вона в вас хліб-сіль переїла,"
12_Kolessa_Melodii_1969,1,69,,Чи вона при старости літ
12_Kolessa_Melodii_1969,1,70,,"Де вона вас осудила?"""
12_Kolessa_Melodii_1969,1,71,,"А старший брат те зачуває,"
12_Kolessa_Melodii_1969,1,72,,"До утрені божественної одхожає,"
12_Kolessa_Melodii_1969,1,73,,"Утреню божественну вислухає,"
12_Kolessa_Melodii_1969,1,74,,"До господи прибуває,"
12_Kolessa_Melodii_1969,1,75,,До братів словами промовляє:
12_Kolessa_Melodii_1969,1,76,,"""Братики рідненькі,"
12_Kolessa_Melodii_1969,1,77,,Голубоньки сивенькі!
12_Kolessa_Melodii_1969,1,78,,"Нуте ж думати, гадати,"
12_Kolessa_Melodii_1969,1,79,,Як би нам стару матір
12_Kolessa_Melodii_1969,1,80,,У свій дім обіськати.
12_Kolessa_Melodii_1969,1,81,,"Став нас господь видимо карати,"
12_Kolessa_Melodii_1969,1,82,,Став у полі і в домі
12_Kolessa_Melodii_1969,1,83,,"Хліба-соли вменчати,—"
12_Kolessa_Melodii_1969,1,84,,Чи не стало без старої матері
12_Kolessa_Melodii_1969,1,85,,Порядків у нас доставати?»
12_Kolessa_Melodii_1969,1,86,,"І то не орли заклекотали,"
12_Kolessa_Melodii_1969,1,87,,Як три вдовиченки старої матері
12_Kolessa_Melodii_1969,1,88,,Шукали та питали.
12_Kolessa_Melodii_1969,1,89,,"А скоро в третім дворі напитали,"
12_Kolessa_Melodii_1969,1,90,,"У хату вхожали,"
12_Kolessa_Melodii_1969,1,91,,"Словами промовляли,"
12_Kolessa_Melodii_1969,1,92,,"Сльозами обливали,—"
12_Kolessa_Melodii_1969,1,93,,Неньку стареньку
12_Kolessa_Melodii_1969,1,94,,Прохали та благали:
12_Kolessa_Melodii_1969,1,95,,"«Ей, мати старая,"
12_Kolessa_Melodii_1969,1,96,,Іди в свій дім проживати!
12_Kolessa_Melodii_1969,1,97,,"Будем тебе хлібом-сіллю годувати,"
12_Kolessa_Melodii_1969,1,98,,"Будем свої маленькі дітки спиняти,"
12_Kolessa_Melodii_1969,1,99,,"Будем тебе штити, шанувати й поважати»."
12_Kolessa_Melodii_1969,1,100,,"А та вдова те зачуває,"
12_Kolessa_Melodii_1969,1,101,,"Словами промовляє,"
12_Kolessa_Melodii_1969,1,102,,Сльозами обливає:
12_Kolessa_Melodii_1969,1,103,,"«Ой сини ж мої, сини,"
12_Kolessa_Melodii_1969,1,104,,"Три, як ясниї, гласниї соколи!"
12_Kolessa_Melodii_1969,1,105,,«Ой не так-то отцевську-материну молитву упросити
12_Kolessa_Melodii_1969,1,106,,Як її розгнівити:
12_Kolessa_Melodii_1969,1,107,,Ваша душа отнині і до віку
12_Kolessa_Melodii_1969,1,108,,"Гріхов не одкупиться,"
12_Kolessa_Melodii_1969,1,109,,Очі мої на вас не зоглянуться».
12_Kolessa_Melodii_1969,1,110,,"Як то вдова кляла-проклинала,"
12_Kolessa_Melodii_1969,1,111,,І ще ж подумала й погадала...
12_Kolessa_Melodii_1969,1,112,,"Зо дна моря винімала,"
12_Kolessa_Melodii_1969,1,113,,"Від великих гріхів одкупляла,"
12_Kolessa_Melodii_1969,1,114,,До царствія небесного привождала.
12_Kolessa_Melodii_1969,1,115,,Ой которий чоловік отцівську-материну молитву
12_Kolessa_Melodii_1969,1,116,,"Штить, шанує, поважає,"
12_Kolessa_Melodii_1969,1,117,,То отцівська-материна молитва
12_Kolessa_Melodii_1969,1,118,,"Зо дна моря винімає,"
12_Kolessa_Melodii_1969,1,119,,Від великих гріхів одкупляє
12_Kolessa_Melodii_1969,1,120,,До царствія небесного привождає.
12_Kolessa_Melodii_1969,1,121,,"Нам годиться теє спом'ятати,"
12_Kolessa_Melodii_1969,1,122,,За которими молитвами
12_Kolessa_Melodii_1969,1,123,,Стали ми хліба-соли поживати.
12_Kolessa_Melodii_1969,1,124,,"Дай же, боже, миру царському,"
12_Kolessa_Melodii_1969,1,125,,Народу християнському
12_Kolessa_Melodii_1969,1,126,,"Од сьогодні всім на здравіє,"
12_Kolessa_Melodii_1969,1,127,,"На многая літа,"
12_Kolessa_Melodii_1969,1,128,,Многая лета!
13_Kolessa_Melodii_1969,1,1,«Про сестру і брата»,Ой у святу неділю
13_Kolessa_Melodii_1969,1,2,,"То не сива зозуля закувала,"
13_Kolessa_Melodii_1969,1,3,,"Ні дробная пташка в саду щебетала,—"
13_Kolessa_Melodii_1969,1,4,,Як сестра до брата
13_Kolessa_Melodii_1969,1,5,,З чужої сторони
13_Kolessa_Melodii_1969,1,6,,У далекиї городи
13_Kolessa_Melodii_1969,1,7,,"Листи писала,"
13_Kolessa_Melodii_1969,1,8,,"Поклон посилала,"
13_Kolessa_Melodii_1969,1,9,,"Братіка рідненького,"
13_Kolessa_Melodii_1969,1,10,,"Голубонька сивенького,"
13_Kolessa_Melodii_1969,1,11,,У гості прохала:
13_Kolessa_Melodii_1969,1,12,,"«Братіку рідненький,"
13_Kolessa_Melodii_1969,1,13,,Голубоньку сивенький!
13_Kolessa_Melodii_1969,1,14,,"Прибудь до мене,"
13_Kolessa_Melodii_1969,1,15,,Одвідай мене
13_Kolessa_Melodii_1969,1,16,,"Бездольную,"
13_Kolessa_Melodii_1969,1,17,,Й безродную
13_Kolessa_Melodii_1969,1,18,,"Й безплеменную,"
13_Kolessa_Melodii_1969,1,19,,На чужій чужині
13_Kolessa_Melodii_1969,1,20,,При нещасній хуртовині.
13_Kolessa_Melodii_1969,1,21,,"Ой чи я живу, чи я проживаю,"
13_Kolessa_Melodii_1969,1,22,,Я на чужій чужині
13_Kolessa_Melodii_1969,1,23,,Більшеє горювання собі принімаю.
13_Kolessa_Melodii_1969,1,24,,"Що я на чужій чужині завдовіла,"
13_Kolessa_Melodii_1969,1,25,,З маленькими дітками осиротіла.
13_Kolessa_Melodii_1969,1,26,,"І як-то, братіку, тяжко та важко"
13_Kolessa_Melodii_1969,1,27,,"Бездольній, безродній,"
13_Kolessa_Melodii_1969,1,28,,"Безплеменній,"
13_Kolessa_Melodii_1969,1,29,,На чужій чужйні
13_Kolessa_Melodii_1969,1,30,,"Жити-проживати,"
13_Kolessa_Melodii_1969,1,31,,"То так-то, братіку, тяжко та важко"
13_Kolessa_Melodii_1969,1,32,,Не по силі чоловікові
13_Kolessa_Melodii_1969,1,33,,Із сирої землі
13_Kolessa_Melodii_1969,1,34,,Важкий камінь підняти».
13_Kolessa_Melodii_1969,1,35,,"«Сестро моя рідненька,"
13_Kolessa_Melodii_1969,1,36,,Голубонько сивенька!
13_Kolessa_Melodii_1969,1,37,,"Рад би я до тебе у гості прибувати,"
13_Kolessa_Melodii_1969,1,38,,"То не знаю, де тебе шукати, вже й мати."
13_Kolessa_Melodii_1969,1,39,,"Ой що ти живеш за високими лісами,"
13_Kolessa_Melodii_1969,1,40,,"За бистрими ріками,"
13_Kolessa_Melodii_1969,1,41,,За великими городами».
13_Kolessa_Melodii_1969,1,42,,"«Добре, братіку, учини,"
13_Kolessa_Melodii_1969,1,43,,Через високиї ліси
13_Kolessa_Melodii_1969,1,44,,"Ясним соколом перелини,"
13_Kolessa_Melodii_1969,1,45,,Через бистриї ріки
13_Kolessa_Melodii_1969,1,46,,"Білим лебедоньком перепливи,"
13_Kolessa_Melodii_1969,1,47,,Через великиї города
13_Kolessa_Melodii_1969,1,48,,"Сивим голубоньком перелети,"
13_Kolessa_Melodii_1969,1,49,,Мов моє серце тугу розважає.
13_Kolessa_Melodii_1969,1,50,,"І як то, братіку, тяжко та важко"
13_Kolessa_Melodii_1969,1,51,,"На святий день, на великдень,"
13_Kolessa_Melodii_1969,1,52,,"Альбо на которий празник роковий, молебний:"
13_Kolessa_Melodii_1969,1,53,,"Що люде до церкви йдуть,"
13_Kolessa_Melodii_1969,1,54,,"Як бджоли гудуть,"
13_Kolessa_Melodii_1969,1,55,,"А з церкви йдуть, як мак процвітає;"
13_Kolessa_Melodii_1969,1,56,,"Пола з полою черкаєцця,"
13_Kolessa_Melodii_1969,1,57,,"Брат з сестрою не прощаєцця,"
13_Kolessa_Melodii_1969,1,58,,"Ой плече з плечем торкає,"
13_Kolessa_Melodii_1969,1,59,,Один одного з празником поздоровляє;
13_Kolessa_Melodii_1969,1,60,,"Плече з плечем торкає,"
13_Kolessa_Melodii_1969,1,61,,"Один одного на хліб на сіль, на бенкет зазиває,—"
13_Kolessa_Melodii_1969,1,62,,"Я ж стою, пребідна сиротина,"
13_Kolessa_Melodii_1969,1,63,,"О , ніхто мене не привітає...."
13_Kolessa_Melodii_1969,1,64,,"Альбо по отцеві, лібо по матері,"
13_Kolessa_Melodii_1969,1,65,,Наче воно мене вже й не знає.
13_Kolessa_Melodii_1969,1,66,,"Ти ж і сам, брате, добре знаєш,"
13_Kolessa_Melodii_1969,1,67,,Як у нашого отца лібо у матері
13_Kolessa_Melodii_1969,1,68,,"Було що пити альбо з’їсти,—"
13_Kolessa_Melodii_1969,1,69,,"І тогда ні світ, ні тьма,"
13_Kolessa_Melodii_1969,1,70,,"В хату вступали,"
13_Kolessa_Melodii_1969,1,71,,"Кумами, сватами,"
13_Kolessa_Melodii_1969,1,72,,Родними братами називали.
13_Kolessa_Melodii_1969,1,73,,"Як пришибла худа, нещаслива хуртовина,"
13_Kolessa_Melodii_1969,1,74,,Відреклася й уся названая родина.
13_Kolessa_Melodii_1969,1,75,,"І тогда нема ні кума, ні побратима,"
13_Kolessa_Melodii_1969,1,76,,"Нікому в хату вступити,"
13_Kolessa_Melodii_1969,1,77,,"Добрим здоров'я навістити,"
13_Kolessa_Melodii_1969,1,78,,"Добрим здоров’ям навістити,"
13_Kolessa_Melodii_1969,1,79,,"Ні з ким стати,"
13_Kolessa_Melodii_1969,1,80,,За здоров'я іспитати.
13_Kolessa_Melodii_1969,1,81,,"Тільки піду я до святої церкви,"
13_Kolessa_Melodii_1969,1,82,,"До божого дому,"
13_Kolessa_Melodii_1969,1,83,,"Богу помолюся,"
13_Kolessa_Melodii_1969,1,84,,"На святости подивлюся,"
13_Kolessa_Melodii_1969,1,85,,"Не раз, не два дробними сльозами обіллюся..."
13_Kolessa_Melodii_1969,1,86,,"О, то ж у мене рідний отець і матуся."
13_Kolessa_Melodii_1969,1,87,,"Що вийду я з церкви,"
13_Kolessa_Melodii_1969,1,88,,"Гляну вгору — високо,"
13_Kolessa_Melodii_1969,1,89,,"І в землю — глибоко,"
13_Kolessa_Melodii_1969,1,90,,І в чужу сторону —
13_Kolessa_Melodii_1969,1,91,,"До родини вже й далеко""."
13_Kolessa_Melodii_1969,1,92,,"Дай же, боже, миру царському,"
13_Kolessa_Melodii_1969,1,93,,Народу християнському
13_Kolessa_Melodii_1969,1,94,,"Од сьогодні всім на здравія,"
13_Kolessa_Melodii_1969,1,95,,"На многая лєта,"
13_Kolessa_Melodii_1969,1,96,,Многая лєта.
14_Kolessa_Melodii_1969,1,1,«Про сестру і брата»,Ой у неділеньку
14_Kolessa_Melodii_1969,1,2,,"Та рано-пораненько,"
14_Kolessa_Melodii_1969,1,3,,Та ранніми зорями
14_Kolessa_Melodii_1969,1,4,,"То й не сива зозулина кувала,"
14_Kolessa_Melodii_1969,1,5,,"Та й не дробная пташечка щебетала,"
14_Kolessa_Melodii_1969,1,6,,Тя то сестра до брата
14_Kolessa_Melodii_1969,1,7,,Добрим здоров’ям
14_Kolessa_Melodii_1969,1,8,,Та поклон посилала.
14_Kolessa_Melodii_1969,1,9,,Кватиречку відчиняла
14_Kolessa_Melodii_1969,1,10,,"Та словами промовляла,"
14_Kolessa_Melodii_1969,1,11,,А й сльозами ридала:
14_Kolessa_Melodii_1969,1,12,,"«Ах, братіку мій рідненький,"
14_Kolessa_Melodii_1969,1,13,,"Голубчику сивенький,"
14_Kolessa_Melodii_1969,1,14,,"Прибудь же до мене,"
14_Kolessa_Melodii_1969,1,15,,Та відвідай же мене
14_Kolessa_Melodii_1969,1,16,,"При чужій чужині,"
14_Kolessa_Melodii_1969,1,17,,"Та й при злій же хуртовині,"
14_Kolessa_Melodii_1969,1,18,,Та при нещасній годині!»
14_Kolessa_Melodii_1969,1,19,,Тоді брат сестрі одвічає:
14_Kolessa_Melodii_1969,1,20,,"«Сестро моя, каже, рідна,"
14_Kolessa_Melodii_1969,1,21,,Родино сердешна!
14_Kolessa_Melodii_1969,1,22,,"Не можу до тебе прибувати,"
14_Kolessa_Melodii_1969,1,23,,Не можу тебе відвідати:
14_Kolessa_Melodii_1969,1,24,,"Що я живу за темними лугами,"
14_Kolessa_Melodii_1969,1,25,,"Та за широкими полями,"
14_Kolessa_Melodii_1969,1,26,,За бистрими ріками...»
15_Kolessa_Melodii_1969,1,1,«Про самарських братів»,"Гей, усі поля самарські почорніли,"
15_Kolessa_Melodii_1969,1,2,,Та ясними пожарами погоріли.
15_Kolessa_Melodii_1969,1,3,,А тільки не згоріло у річці Самарці
15_Kolessa_Melodii_1969,1,4,,Та в криниці Салтанці
15_Kolessa_Melodii_1969,1,5,,А три терни дрібненькі
15_Kolessa_Melodii_1969,1,6,,Три байраки зелененькі
15_Kolessa_Melodii_1969,1,7,,Чого вони не згоріли?
15_Kolessa_Melodii_1969,1,8,,Бо там же то лежало
15_Kolessa_Melodii_1969,1,9,,"Три братіки рідненькі,"
15_Kolessa_Melodii_1969,1,10,,"Як голубчики сивенькі,"
15_Kolessa_Melodii_1969,1,11,,"Постріляні, порубані дуже"
15_Kolessa_Melodii_1969,1,12,,"Озоветься старший брат до середнього словами,"
15_Kolessa_Melodii_1969,1,13,,Та й обіллється гарячими сльозами:
15_Kolessa_Melodii_1969,1,14,,"«Добре ти, брате, й учини,"
15_Kolessa_Melodii_1969,1,15,,А з річки Самарки
15_Kolessa_Melodii_1969,1,16,,Або з криниці Салтанки
15_Kolessa_Melodii_1969,1,17,,"Холодної води найди,—"
15_Kolessa_Melodii_1969,1,18,,Рани мої сменртельнії
15_Kolessa_Melodii_1969,1,19,,"Охолоди й окропи…"""
15_Kolessa_Melodii_1969,1,20,,"Озоветься середущий брат до старшого словами,"
15_Kolessa_Melodii_1969,1,21,,Та й обіллється гарячими сльозами:
15_Kolessa_Melodii_1969,1,22,,"«Чи ти мені, брате, віри не доїмаєш,"
15_Kolessa_Melodii_1969,1,23,,Чи ти мене на сміх підіймаєш?
15_Kolessa_Melodii_1969,1,24,,"Чи нас не одна турецькая шабля порубала,"
15_Kolessa_Melodii_1969,1,25,,Чи не одна нас янчарськая куля постріляла?»
16_Kolessa_Melodii_1969,1,1,«Плач невольника»,Та не ясний сокіл
16_Kolessa_Melodii_1969,1,2,,"Та й квилить, проквиляє,—"
16_Kolessa_Melodii_1969,1,3,,"Як то син до отця, до матусі"
16_Kolessa_Melodii_1969,1,4,,З тяжкої неволі
16_Kolessa_Melodii_1969,1,5,,В городи християнськії
16_Kolessa_Melodii_1969,1,6,,Поклон посилає.
16_Kolessa_Melodii_1969,1,7,,Та сокола ясного
16_Kolessa_Melodii_1969,1,8,,Рідним братом називає:
16_Kolessa_Melodii_1969,1,9,,"«Соколе ясний,"
16_Kolessa_Melodii_1969,1,10,,Та брате мій рідний!
16_Kolessa_Melodii_1969,1,11,,"Ти високо літаєш,"
16_Kolessa_Melodii_1969,1,12,,"Далеко буваєш,—"
16_Kolessa_Melodii_1969,1,13,,А чого ж ти в отця та в матусі
16_Kolessa_Melodii_1969,1,14,,В гостях не буваєш?
16_Kolessa_Melodii_1969,1,15,,"Полети, соколе, ясний,"
16_Kolessa_Melodii_1969,1,16,,"Брате мій рідний,"
16_Kolessa_Melodii_1969,1,17,,В городи християнські!
16_Kolessa_Melodii_1969,1,18,,"А сядь, упади,"
16_Kolessa_Melodii_1969,1,19,,"В мого отця, в матусі..."
16_Kolessa_Melodii_1969,1,20,,"Жалібненько заквили,"
16_Kolessa_Melodii_1969,1,21,,Та моєму отцеві та матусі
16_Kolessa_Melodii_1969,1,22,,Про козацьку мою невзгодоньку розкажи!»...
17_Kolessa_Melodii_1969,1,1,«Про Марусю Богуславку»,"Та на Чорному морі,"
17_Kolessa_Melodii_1969,1,2,,"Та на камені білому,"
17_Kolessa_Melodii_1969,1,3,,Там стояла темниця темненька.
17_Kolessa_Melodii_1969,1,4,,Та й у тій же темниці
17_Kolessa_Melodii_1969,1,5,,Було сімсот козаків
17_Kolessa_Melodii_1969,1,6,,Бідних невольників.
17_Kolessa_Melodii_1969,1,7,,Що вони тридцять літ у неволі пробували
17_Kolessa_Melodii_1969,1,8,,"Та білого світа і праведного сонечка не видали,"
17_Kolessa_Melodii_1969,1,9,,Та й празника святого різдва й великодня не знали.
17_Kolessa_Melodii_1969,1,10,,"Прийшла до їх дівка Маруся, бранка,"
17_Kolessa_Melodii_1969,1,11,,"Попівна Богуславка,"
17_Kolessa_Melodii_1969,1,12,,Стала тихо словами промовляти:
17_Kolessa_Melodii_1969,1,13,,"«То ви козаки,"
17_Kolessa_Melodii_1969,1,14,,Бідні невольники!
17_Kolessa_Melodii_1969,1,15,,"Скажіть же мені,"
17_Kolessa_Melodii_1969,1,16,,Що в вас тепер в християнських городах за день?»
17_Kolessa_Melodii_1969,1,17,,"А тоді козаки,"
17_Kolessa_Melodii_1969,1,18,,"Бідні невольники,"
17_Kolessa_Melodii_1969,1,19,,"Стали плакати, ридати,"
17_Kolessa_Melodii_1969,1,20,,"Та до дівки Марусі, бранки,"
17_Kolessa_Melodii_1969,1,21,,"Попівни Богуславки,"
17_Kolessa_Melodii_1969,1,22,,Словами промовляти:
17_Kolessa_Melodii_1969,1,23,,""" По чім то ми можем сей день знати,"
17_Kolessa_Melodii_1969,1,24,,"Як ми тридцять літ у неволі пробуваєм,"
17_Kolessa_Melodii_1969,1,25,,"Та білого світа і праведного сонечка не видаєм,"
17_Kolessa_Melodii_1969,1,26,,Та й і празника святого різдва й великодня не знаєм...»
18_Kolessa_Melodii_1969,1,1,«Про Кішку Самійла»,Що з города Трепезона
18_Kolessa_Melodii_1969,1,2,,Виступає галєра
18_Kolessa_Melodii_1969,1,3,,Трьома цвітами уквітчана й мальована.
18_Kolessa_Melodii_1969,1,4,,Що первим цвітом уквітчана —
18_Kolessa_Melodii_1969,1,5,,Злато-синіми стьожками заквітчана;
18_Kolessa_Melodii_1969,1,6,,А другим цвітом процвітана —
18_Kolessa_Melodii_1969,1,7,,Гарматами уквітчана;
18_Kolessa_Melodii_1969,1,8,,А третім цвітом уквітчана —
18_Kolessa_Melodii_1969,1,9,,Турецькою білою габою покривана.
18_Kolessa_Melodii_1969,1,10,,"То в тій галері Алкан-паша, паша гуляє."
18_Kolessa_Melodii_1969,1,11,,"Сімсот турків, янчар чотириста,"
18_Kolessa_Melodii_1969,1,12,,А бідного невольника півчвертаста
18_Kolessa_Melodii_1969,1,13,,Без старшини військової собі має.
18_Kolessa_Melodii_1969,1,14,,То міждо іми був старший
18_Kolessa_Melodii_1969,1,15,,"Кішка Самійло, гетьман запорозький,"
18_Kolessa_Melodii_1969,1,16,,А другий Марко Рудий..
19_Kolessa_Melodii_1969,1,1,«Про Олексія Поповича»,"Та й на Чорному морі,"
19_Kolessa_Melodii_1969,1,2,,"Та на камені білому,"
19_Kolessa_Melodii_1969,1,3,,А там сидів ясний сокіл білозорець.
19_Kolessa_Melodii_1969,1,4,,"Ах, смутно він себе має,"
19_Kolessa_Melodii_1969,1,5,,Та на Чорноє море
19_Kolessa_Melodii_1969,1,6,,"Пильно поглядає,"
19_Kolessa_Melodii_1969,1,7,,Що на Чорному морі
19_Kolessa_Melodii_1969,1,8,,Та все не добре начинає.
19_Kolessa_Melodii_1969,1,9,,"Що на небі всі звізди потьмарило,"
19_Kolessa_Melodii_1969,1,10,,А половина місяця
19_Kolessa_Melodii_1969,1,11,,У чорную хмару заступила.
19_Kolessa_Melodii_1969,1,12,,Та із Низу та буйний вітер повіває
19_Kolessa_Melodii_1969,1,13,,А на Чорному морі
19_Kolessa_Melodii_1969,1,14,,Злая хуртовина
19_Kolessa_Melodii_1969,1,15,,Та й бистрая хвиля наступає.
20_Kolessa_Melodii_1969,1,1,«Ой летить орел»,"Ой і летить орел, а за ним сокіл:"
20_Kolessa_Melodii_1969,1,2,,"""Подожди й орел, щось тобі скажу."
20_Kolessa_Melodii_1969,1,3,,"Подожди й орел, щось тобі скажу."
20_Kolessa_Melodii_1969,1,4,,"Ай ой де ж ти бував, та й ой що ж ти видав?"""
20_Kolessa_Melodii_1969,1,5,,"""Ой бував же я та в чужой стороні,"
20_Kolessa_Melodii_1969,1,6,,Та видав жєе я та велике диво.
20_Kolessa_Melodii_1969,1,7,,"Велике диво, зелене жито."
20_Kolessa_Melodii_1969,1,8,,А в тому житі козака вбито.
20_Kolessa_Melodii_1969,1,9,,А в тому житі козака вбито.
20_Kolessa_Melodii_1969,1,10,,"Коло його травка, травка-пророста"
20_Kolessa_Melodii_1969,1,11,,"Коло серденька звивається,"
20_Kolessa_Melodii_1969,1,12,,"Коло серденька звивається,"
20_Kolessa_Melodii_1969,1,13,,"Та ніхто до його не признається,"
20_Kolessa_Melodii_1969,1,14,,Тілько признались а три ластівки.
20_Kolessa_Melodii_1969,1,15,,Тілько признались а три ластівки.
20_Kolessa_Melodii_1969,1,16,,"Що перва ластівка - рідна матінка,"
20_Kolessa_Melodii_1969,1,17,,Друга ластівка - рідна сестриця.
20_Kolessa_Melodii_1969,1,18,,А третя ластівка - замужня жона.
20_Kolessa_Melodii_1969,1,19,,"Де мати стояла - ріка потекла,"
20_Kolessa_Melodii_1969,1,20,,А де сестриця - то там криниця.
20_Kolessa_Melodii_1969,1,21,,Де замужня жоня - то й роси нема.
21_Kolessa_Melodii_1969,1,1,"""Ой їхав козак та й через байрак""",Ой їхав козак та й через байрак
21_Kolessa_Melodii_1969,1,2,,"На коня похилився,"
21_Kolessa_Melodii_1969,1,3,,"А за ним, за ним — отець-матуся:"
21_Kolessa_Melodii_1969,1,4,,"«Не їдь, сину, вернися!»"
21_Kolessa_Melodii_1969,1,5,,"«Ой не вернуся, отець-матуся."
21_Kolessa_Melodii_1969,1,6,,"Поїду на Вкраїну,"
21_Kolessa_Melodii_1969,1,7,,"Ой кінь вороний, я й сам молодий,"
21_Kolessa_Melodii_1969,1,8,,То я й там не загину».
21_Kolessa_Melodii_1969,1,9,,Злотая грива персоньки вкрила
21_Kolessa_Melodii_1969,1,10,,"Конику вороному,"
21_Kolessa_Melodii_1969,1,11,,"Біле личенько, чорнії брови"
21_Kolessa_Melodii_1969,1,12,,Козаку молодому.
21_Kolessa_Melodii_1969,1,13,,"Ой їхав козак та через байрак,"
21_Kolessa_Melodii_1969,1,14,,"На конику співає,"
21_Kolessa_Melodii_1969,1,15,,"А за ним, за ним — соцький виборний"
21_Kolessa_Melodii_1969,1,16,,Назад коня завертає.
21_Kolessa_Melodii_1969,1,17,,"«На тобі, пане, сукна и жупани,"
21_Kolessa_Melodii_1969,1,18,,"Ще й коня вороного,"
21_Kolessa_Melodii_1969,1,19,,Тілько випусти із неволеньки
21_Kolessa_Melodii_1969,1,20,,"Козака молодого""."
21_Kolessa_Melodii_1969,1,21,,"«Нащо міні, пане, твої сукна й жупани"
21_Kolessa_Melodii_1969,1,22,,І твій кінь вороненький?
21_Kolessa_Melodii_1969,1,23,,Та нехай посидить у неволенці
21_Kolessa_Melodii_1969,1,24,,Сей козак молоденький».
22_Kolessa_Melodii_1969,1,1,"""Про смерть Лебеденка від гайдамаків""",Ой як поїхав та пан Лебеденко
22_Kolessa_Melodii_1969,1,2,,"А й у млин за мукою,"
22_Kolessa_Melodii_1969,1,3,,Ай перестріли його гайдамаки
22_Kolessa_Melodii_1969,1,4,,В темнім лузі над рікою:
22_Kolessa_Melodii_1969,1,5,,"«Ай, здоров, здоров, пане Лебеденку,"
22_Kolessa_Melodii_1969,1,6,,Як ми давно видалися!
22_Kolessa_Melodii_1969,1,7,,"Що колись ми вмісті пили та гуляли,"
22_Kolessa_Melodii_1969,1,8,,Та забули попрощатися.
22_Kolessa_Melodii_1969,1,9,,"Ой дай же нам, пане Лебеденку,"
22_Kolessa_Melodii_1969,1,10,,Хоч коня вороного!»
22_Kolessa_Melodii_1969,1,11,,"«Ой не дам, не дам, панове молодці,"
22_Kolessa_Melodii_1969,1,12,,Ой хоч вас тут і много».
22_Kolessa_Melodii_1969,1,13,,"Ну то дай же нам, пане Лебеденку,"
22_Kolessa_Melodii_1969,1,14,,Хоч рябую кобилу!
22_Kolessa_Melodii_1969,1,15,,"«Та не дам, не дам, панове молодці,"
22_Kolessa_Melodii_1969,1,16,,"Хоч я й сам тут загину""."
22_Kolessa_Melodii_1969,1,17,,"Гей, як підняли пана Лебеденка"
22_Kolessa_Melodii_1969,1,18,,"Та на три списи вгору,"
22_Kolessa_Melodii_1969,1,19,,Ой та вдарили пана Лебеденка
22_Kolessa_Melodii_1969,1,20,,Та й об пень головою.
22_Kolessa_Melodii_1969,1,21,,"Гей, положили пана Лебеденка"
22_Kolessa_Melodii_1969,1,22,,"Та на жовтім пісочку,"
22_Kolessa_Melodii_1969,1,23,,"Гей, скидай тепер, та превражий сину,"
22_Kolessa_Melodii_1969,1,24,,"Та штани і сорочку!"""
22_Kolessa_Melodii_1969,1,25,,Ой прилетіла сива зозуленька
22_Kolessa_Melodii_1969,1,26,,"Гей, та сіла на вільсі,"
22_Kolessa_Melodii_1969,1,27,,Та питається пана Лебеденка:
22_Kolessa_Melodii_1969,1,28,,"""Чи не хочеш ти пити та їсти?"""
22_Kolessa_Melodii_1969,1,29,,"Ой не хочу ж я, сива зозуленько,"
22_Kolessa_Melodii_1969,1,30,,"Ой ні пити, ні їсти,"
22_Kolessa_Melodii_1969,1,31,,"А просю тебе, сива зозуленько,"
22_Kolessa_Melodii_1969,1,32,,Передай моїй матусі звістку».
22_Kolessa_Melodii_1969,1,33,,"Гей, прилетіла сива зозуленька,"
22_Kolessa_Melodii_1969,1,34,,"Та сіла на возстрісі,"
22_Kolessa_Melodii_1969,1,35,,"Ой вийшла з хати стара Лебедиха,"
22_Kolessa_Melodii_1969,1,36,,Аж у неї руки в кісті.
22_Kolessa_Melodii_1969,1,37,,"«Ой сусідоньки, мої голубоньки,"
22_Kolessa_Melodii_1969,1,38,,Який міні сон приснився:
22_Kolessa_Melodii_1969,1,39,,"Та що десь мій син, мій син Лебеденко"
22_Kolessa_Melodii_1969,1,40,,В чужім краї оженився».
22_Kolessa_Melodii_1969,1,41,,"«Гей, що вже цей сон, стара Лебедихо,"
22_Kolessa_Melodii_1969,1,42,,"Та й мале дитя знає,"
22_Kolessa_Melodii_1969,1,43,,Ой що вже твого сина Лебеденка
22_Kolessa_Melodii_1969,1,44,,"Та на світі немає…"""
23_Kolessa_Melodii_1969,1,1,"""Про Саву Чалого"".","Ой як був собі старий Чалий,"
23_Kolessa_Melodii_1969,1,2,,"Запорожець славний,"
23_Kolessa_Melodii_1969,1,3,,Та згодував сина Саву
23_Kolessa_Melodii_1969,1,4,,Козакам на славу.
23_Kolessa_Melodii_1969,1,5,,Та й згодував сина Саву
23_Kolessa_Melodii_1969,1,6,,"У будень і в свято,"
23_Kolessa_Melodii_1969,1,7,,Щоб же того пана Сави
23_Kolessa_Melodii_1969,1,8,,І полком не взято.
23_Kolessa_Melodii_1969,1,9,,"«Ой ви хлопці, запорожці"
23_Kolessa_Melodii_1969,1,10,,"Який би з вас удався,"
23_Kolessa_Melodii_1969,1,11,,"Щоб піймати пана Саву,"
23_Kolessa_Melodii_1969,1,12,,Щоб з вас не сміявся?»
23_Kolessa_Melodii_1969,1,13,,Обізвався Голий Гнатко
23_Kolessa_Melodii_1969,1,14,,Сидя у темниці:
23_Kolessa_Melodii_1969,1,15,,"«Що я Саву змалку знаю,"
23_Kolessa_Melodii_1969,1,16,,Я його й піймаю».
23_Kolessa_Melodii_1969,1,17,,"Один козак скида жупан,"
23_Kolessa_Melodii_1969,1,18,,"Гнатка одягає,"
23_Kolessa_Melodii_1969,1,19,,"Другий бере сіделечко,"
23_Kolessa_Melodii_1969,1,20,,Та коня сідлає
23_Kolessa_Melodii_1969,1,21,,Як поїхав Голий Гнатко
23_Kolessa_Melodii_1969,1,22,,"Понад Дніпром тихо,"
23_Kolessa_Melodii_1969,1,23,,"А гуляє Сава Чалий,"
23_Kolessa_Melodii_1969,1,24,,Буде йому лихо.
23_Kolessa_Melodii_1969,1,25,,"За все гаразд, за все гаразд,"
23_Kolessa_Melodii_1969,1,26,,Та за одно страшно:
23_Kolessa_Melodii_1969,1,27,,Виглядають гайдамаки
23_Kolessa_Melodii_1969,1,28,,Із-за гори часто
23_Kolessa_Melodii_1969,1,29,,"Сидить Сава у світлиці,"
23_Kolessa_Melodii_1969,1,30,,"Мед, вино кружає,"
23_Kolessa_Melodii_1969,1,31,,Проти його Голий Гнатко
23_Kolessa_Melodii_1969,1,32,,Двері відчиняє.
24_Kolessa_Melodii_1969,1,1,"""Про сестру-отруйницю""","""Ой сербине, сербиночку,"
24_Kolessa_Melodii_1969,1,2,,"Сватай мене, дівчиночку!"""
24_Kolessa_Melodii_1969,1,3,,"Та я б тебе, дівко, сватав,"
24_Kolessa_Melodii_1969,1,4,,Так боюся твого брата.
24_Kolessa_Melodii_1969,1,5,,"Та й отрій, дівко, свого брата,"
24_Kolessa_Melodii_1969,1,6,,Та тоді буду тебе сватать.
24_Kolessa_Melodii_1969,1,7,,"«Що я б брата отруїла,"
24_Kolessa_Melodii_1969,1,8,,"Так не знаю того зілля""."
24_Kolessa_Melodii_1969,1,9,,"Піди, дівко, у долину,"
24_Kolessa_Melodii_1969,1,10,,"А в долині кущ калини,"
24_Kolessa_Melodii_1969,1,11,,На калині дві гадини.
24_Kolessa_Melodii_1969,1,12,,"На калину вітер віє,"
24_Kolessa_Melodii_1969,1,13,,На гадину сонце гріє.
24_Kolessa_Melodii_1969,1,14,,"Що гадину сонце пече,"
24_Kolessa_Melodii_1969,1,15,,А з гадини крівця тече.
24_Kolessa_Melodii_1969,1,16,,"Постав, дівко, коновочку"
24_Kolessa_Melodii_1969,1,17,,Під гадючу головочку.
24_Kolessa_Melodii_1969,1,18,,"Постав, дівко, новесеньку,"
24_Kolessa_Melodii_1969,1,19,,Хай набіжить повнесенька.
24_Kolessa_Melodii_1969,1,20,,"Хай набіжить хоть під вінця,"
24_Kolessa_Melodii_1969,1,21,,Даси братові напиться.
24_Kolessa_Melodii_1969,1,22,,Ще братічок у дорозі -
24_Kolessa_Melodii_1969,1,23,,Сестра з чарами на порозі.
24_Kolessa_Melodii_1969,1,24,,Брат до двору доїжджає —
24_Kolessa_Melodii_1969,1,25,,Сестра з чарами стрічає.
24_Kolessa_Melodii_1969,1,26,,"«Ой пий, брате, стакан меду!"""
24_Kolessa_Melodii_1969,1,27,,"«Випий, сестро, попереду!»"
24_Kolessa_Melodii_1969,1,28,,"«Ой я ж пила, як варила,"
24_Kolessa_Melodii_1969,1,29,,Се ж для тебе зоставила»
24_Kolessa_Melodii_1969,1,30,,"«Ой пий, брате, стакан пива,"
24_Kolessa_Melodii_1969,1,31,,Що я вчора наварила».
24_Kolessa_Melodii_1969,1,32,,"«Ой пий, сестро, сеє пиво,"
24_Kolessa_Melodii_1969,1,33,,Щоб се пиво не зрадило».
24_Kolessa_Melodii_1969,1,34,,"«Та я ж пила, як варила,"
24_Kolessa_Melodii_1969,1,35,,Се ж для тебе зоставила».
24_Kolessa_Melodii_1969,1,36,,"Іще братік не напився,"
24_Kolessa_Melodii_1969,1,37,,За серденько ухопився.
24_Kolessa_Melodii_1969,1,38,,"За серденько ухопився,"
24_Kolessa_Melodii_1969,1,39,,З кониченька похилився.
24_Kolessa_Melodii_1969,1,40,,"«Сестро моя, сестро рідна,"
24_Kolessa_Melodii_1969,1,41,,Як ти мене ізрадила!
24_Kolessa_Melodii_1969,1,42,,Чим ти мене напоїла?!»
24_Kolessa_Melodii_1969,1,43,,"«Возьми, брате, сірячину,"
24_Kolessa_Melodii_1969,1,44,,"Та поїдеш на кватирю,"
24_Kolessa_Melodii_1969,1,45,,"Там ти ляжеш, іспочинеш""."
24_Kolessa_Melodii_1969,1,46,,Ще братічок не садився -
24_Kolessa_Melodii_1969,1,47,,На конику похилився.
24_Kolessa_Melodii_1969,1,48,,На конику похилився -
24_Kolessa_Melodii_1969,1,49,,За серденько ухопився.
24_Kolessa_Melodii_1969,1,50,,"«Ой сербине, сербиночку,"
24_Kolessa_Melodii_1969,1,51,,"Сватай тепер дівчиночку!"""
24_Kolessa_Melodii_1969,1,52,,"Ой я б тебе, дівко, сватав,"
24_Kolessa_Melodii_1969,1,53,,Та струїла свого брата.
24_Kolessa_Melodii_1969,1,54,,"Та струїла брата свого,"
24_Kolessa_Melodii_1969,1,55,,Струїш мене молодого.
24_Kolessa_Melodii_1969,1,56,,"Дайте дівці тепер торбу,"
24_Kolessa_Melodii_1969,1,57,,"Нехай ходе, хліба просить."
24_Kolessa_Melodii_1969,1,58,,"Нехай ходе, хліба просить."
24_Kolessa_Melodii_1969,1,59,,Сербинові їсти носить.